Session Code,InstanceID,RegCode
7011E000001Fjaa,420,672-49063-7092
7011E000001Fjaa,420,672-49965-2896
7011E000001Fjaa,420,672-48843-2475
7011E000001Fjaa,420,672-49964-4296
7011E000001Fjaa,420,672-42204-3756
7011E000001Fjaa,420,672-44606-5113
7011E000001Fjaa,420,672-43443-3966
7011E000001Fjaa,420,672-42976-8957
7011E000001Fjaa,420,672-36603-3497
7011E000001Fjaa,420,672-44297-1533
7011E000001Fjaa,420,672-43173-5721
7011E000001Fjaa,420,672-43219-4377
7011E000001Fjaa,420,672-42728-4436
7011E000001Fjaa,420,672-42949-1058
7011E000001Fjaa,420,672-45025-8113
7011E000001Fjaa,420,672-42948-3207
7011E000001Fjaa,420,672-46102-1180
7011E000001Fjaa,420,672-43978-2514
7011E000001Fjaa,420,672-36867-9060
7011E000001Fjaa,420,672-43194-9224
7011E000001Fjaa,420,672-45892-8193
7011E000001Fjaa,420,672-44799-2808
7011E000001Fjaa,420,672-43290-1250
7011E000001Fjaa,420,672-44781-2710
7011E000001Fjaa,420,672-46682-4340
7011E000001Fjaa,420,672-45584-4424
7011E000001Fjaa,420,672-41248-2732
7011E000001Fjaa,420,672-40865-8000
7011E000001Fjaa,420,672-42498-4856
7011E000001Fja6,422,672-48854-7437
7011E000001Fja6,422,672-45917-9724
7011E000001Fja6,422,672-45241-7615
7011E000001Fja6,422,672-42389-8526
7011E000001Fja6,422,672-48843-2475
7011E000001Fja6,422,672-48277-2915
7011E000001Jx5K,423,672-42204-3756
7011E000001Fja1,425,672-48843-2475
7011E000001Fja1,425,672-43011-3461
7011E000001Fja1,425,672-38275-1157
7011E000001Fja1,425,672-44158-7416
7011E000001Fja1,425,672-48045-9841
7011E000001Fja1,425,672-49049-7439
7011E000001Fja1,425,672-28232-4345
7011E000001Fja1,425,672-44270-3080
7011E000001Fja1,425,672-48121-3871
7011E000001Fja1,425,672-48941-3052
7011E000001Fja1,425,672-49779-8609
7011E000001Fja1,425,672-44787-2202
7011E000001Fja1,425,672-26534-5275
7011E000001Fja1,425,672-46733-2466
7011E000001Fja1,425,672-42593-1302
7011E000001Fja1,425,672-36602-2714
7011E000001Fja1,425,672-49684-2925
7011E000001Fja1,425,672-36457-6444
7011E000001Fja1,425,672-43642-6368
7011E000001Fja1,425,672-50568-3708
7011E000001Fja1,425,672-35265-5533
7011E000001Fja1,425,672-44799-2808
7011E000001Fja1,425,672-46522-9395
7011E000001Fja1,425,672-40557-2425
7011E000001Fja1,425,672-43024-4570
7011E000001Fja1,425,672-43130-6608
7011E000001Fja1,425,672-49055-6599
7011E000001Fja1,425,672-33596-6873
7011E000001Fja1,425,672-40074-1070
7011E000001Fja1,425,672-42599-6811
7011E000001Fja1,425,672-44109-8285
7011E000001Fja1,425,672-48147-5189
7011E000001Fja1,425,672-48303-7557
7011E000001Fja1,425,672-42351-4506
7011E000001Fja1,425,672-37113-1393
7011E000001Fja1,425,672-37121-7557
7011E000001Fja1,425,672-49058-3023
7011E000001Fja1,425,672-44612-7485
7011E000001Fja1,425,672-36494-1139
7011E000001Fja1,425,672-43167-9371
7011E000001Fja1,425,672-33495-1616
7011E000001Fja1,425,672-48467-4426
7011E000001Fja1,425,672-42983-6158
7011E000001Fja1,425,672-42627-5865
7011E000001Fja1,425,672-46667-7664
7011E000001Fja1,425,672-42363-2105
7011E000001Fja1,425,672-44473-9635
7011E000001Fja1,425,672-46574-5814
7011E000001Fja1,425,672-46738-6934
7011E000001Fja1,425,672-43233-9289
7011E000001Fja1,425,672-48155-4747
7011E000001Fja1,425,672-48526-4463
7011E000001Fja1,425,672-43464-8408
7011E000001Fja1,425,672-41348-3123
7011E000001Fja1,425,672-44871-5174
7011E000001Fja1,425,672-41993-8029
7011E000001Fja1,425,672-44286-4611
7011E000001Fja1,425,672-27523-3758
7011E000001Fja1,425,672-50222-2745
7011E000001Fja1,425,672-43255-5259
7011E000001Fja1,425,672-45921-9211
7011E000001Fja1,425,672-49397-1006
7011E000001Fja1,425,672-44893-3660
7011E000001Fja1,425,672-48196-8671
7011E000001Fja1,425,672-46568-6693
7011E000001Fja1,425,672-44796-6653
7011E000001Fja1,425,672-40631-7491
7011E000001Fja1,425,672-42586-3800
7011E000001Fja1,425,672-42660-8426
7011E000001Fja1,425,672-40216-2161
7011E000001Fja1,425,672-37611-8467
7011E000001Fja1,425,672-37606-5110
7011E000001Fja1,425,672-37602-3055
7011E000001Fja1,425,672-48517-7674
7011E000001Fja1,425,672-42391-5789
7011E000001Fja1,425,672-42982-7306
7011E000001Fja1,425,672-49901-3491
7011E000001Fja1,425,672-49210-4958
7011E000001Fja1,425,672-45495-6620
7011E000001Fja1,425,672-45492-4088
7011E000001Fja1,425,672-50281-4228
7011E000001Fja1,425,672-48297-4026
7011E000001Fja1,425,672-42949-1058
7011E000001Fja1,425,672-48766-4011
7011E000001Fja1,425,672-44180-9177
7011E000001Fja1,425,672-49389-9040
7011E000001Fja1,425,672-43550-2059
7011E000001Fja1,425,672-49774-9771
7011E000001Fja1,425,672-49775-7161
7011E000001Fja1,425,672-46102-1180
7011E000001Fja1,425,672-50940-1843
7011E000001Fja1,425,672-46625-7562
7011E000001Fja1,425,672-46288-3777
7011E000001Fja1,425,672-35273-4333
7011E000001Fja1,425,672-46301-5579
7011E000001Fja1,425,672-44514-8425
7011E000001Fja1,425,672-43168-6661
7011E000001Fja1,425,672-43150-5797
7011E000001Fja1,425,672-49290-6740
7011E000001Fja1,425,672-43369-4985
7011E000001Fja1,425,672-48146-4099
7011E000001Fja1,425,672-50407-8029
7011E000001Fja1,425,672-43340-2220
7011E000001Fja1,425,672-42591-9868
7011E000001Fja1,425,672-46167-4755
7011E000001Fja1,425,672-35280-3771
7011E000001Fja1,425,672-46170-8343
7011E000001Fja1,425,672-50172-1282
7011E000001Fja1,425,672-43294-1838
7011E000001Fja1,425,672-40791-7140
7011E000001Fja1,425,672-33589-6286
7011E000001Fja1,425,672-49326-3977
7011E000001Fja1,425,672-45034-6565
7011E000001Fja1,425,672-45126-6961
7011E000001Fja1,425,672-43431-7175
7011E000001Fja1,425,672-42774-7005
7011E000001Fja1,425,672-42482-5301
7011E000001Fja1,425,672-48520-7349
7011E000001Fja1,425,672-40775-5997
7011E000001Fja1,425,672-46373-2274
7011E000001Fja1,425,672-43322-5013
7011E000001Fja1,425,672-41339-5992
7011E000001Fja1,425,672-40643-6974
7011E000001Fja1,425,672-46528-1897
7011E000001Fja1,425,672-46527-3387
7011E000001Fja1,425,672-35466-8154
7011E000001Fja1,425,672-43194-9224
7011E000001Fja1,425,672-43445-9758
7011E000001Fja1,425,672-42596-5455
7011E000001Fja1,425,672-37116-1252
7011E000001Fja1,425,672-48508-6446
7011E000001Fja1,425,672-48507-6805
7011E000001Fja1,425,672-36481-9751
7011E000001Fja1,425,672-49968-9982
7011E000001Fja1,425,672-43970-3680
7011E000001Fja1,425,672-46149-1062
7011E000001Fja1,425,672-43005-5535
7011E000001Fja1,425,672-50093-4597
7011E000001Fja1,425,672-48712-4521
7011E000001Fja1,425,672-37117-5087
7011E000001Fja1,425,672-43035-8492
7011E000001Fja1,425,672-48869-1279
7011E000001Fja1,425,672-46456-5444
7011E000001Fja1,425,672-43095-4297
7011E000001Fja1,425,672-49017-9701
7011E000001Fja1,425,672-43182-4978
7011E000001Fja1,425,672-46333-4837
7011E000001Fja1,425,672-40865-8000
7011E000001Fja1,425,672-43536-6636
7011E000001Fja1,425,672-43537-3172
7011E000001Fja1,425,672-36050-6193
7011E000001Fja1,425,672-46732-4055
7011E000001Fja1,425,672-43006-6150
7011E000001Fja1,425,672-41829-2241
7011E000001Fja1,425,672-40989-5456
7011E000001Fja1,425,672-49080-4158
7011E000001Fja1,425,672-49158-9263
7011E000001Fja1,425,672-26432-4320
7011E000001Fja1,425,672-50574-1736
7011E000001Fja1,425,672-48289-1344
7011E000001Fja1,425,672-43197-6794
7011E000001Fja1,425,672-42590-9037
7011E000001Fja1,425,672-49084-7003
7011E000001Fja1,425,672-43226-1046
7011E000001Fja1,425,672-45073-7507
7011E000001Fja1,425,672-45430-7969
7011E000001Fja1,425,672-42477-5200
7011E000001Fja1,425,672-41920-9964
7011E000001Fja1,425,672-44610-6461
7011E000001Fja1,425,672-40533-6339
7011E000001Fja1,425,672-49791-1687
7011E000001Fja1,425,672-43109-7011
7011E000001Fja1,425,672-46048-4962
7011E000001Fja1,425,672-43475-9571
7011E000001Fja1,425,672-32075-1525
7011E000001Fja1,425,672-48236-3903
7011E000001Fja1,425,672-40262-1688
7011E000001Fja1,425,672-45103-4989
7011E000001Fja1,425,672-48298-7835
7011E000001Fja1,425,672-48737-8349
7011E000001Fja1,425,672-43563-5806
7011E000001Fja1,425,672-49138-6884
7011E000001Fja1,425,672-49036-3664
7011E000001Fja1,425,672-49037-4268
7011E000001Fja1,425,672-50416-1331
7011E000001Fja1,425,672-43170-4442
7011E000001Fja1,425,672-50967-1226
7011E000001Fja1,425,672-42728-4436
7011E000001Fja1,425,672-44915-7861
7011E000001Fja1,425,672-37034-6033
7011E000001Fja1,425,672-42509-5176
7011E000001Fja1,425,672-43155-4611
7011E000001Fja1,425,672-43098-8135
7011E000001Fja1,425,672-41273-2553
7011E000001Fja1,425,672-45577-4041
7011E000001Fja1,425,672-42840-5089
7011E000001Fja1,425,672-50549-8291
7011E000001Fja1,425,672-43275-8243
7011E000001Fja1,425,672-42130-6933
7011E000001Fja1,425,672-46457-3246
7011E000001Fja1,425,672-40552-4249
7011E000001Fja1,425,672-42357-8972
7011E000001Fja1,425,672-51472-7048
7011E000001Fja1,425,672-40535-1142
7011E000001Fja1,425,672-43315-6924
7011E000001Fja1,425,672-51081-4165
7011E000001JxHu,426,672-48843-2475
7011E000001JxHu,426,672-49063-7092
7011E000001JxHu,426,672-50626-7211
7011E000001JxHu,426,672-50625-6502
7011E000001JxHu,426,672-48707-4398
7011E000001JxHu,426,672-42773-5452
7011E000001JxHu,426,672-48401-5922
7011E000001JxHu,426,672-46682-4340
7011E000001JxHu,426,672-46699-1329
7011E000001JxHu,426,672-48134-4523
7011E000001JxHu,426,672-42870-8085
7011E000001JxHu,426,672-51384-9786
7011E000001JxHu,426,672-42358-2909
7011E000001JxHu,426,672-43253-5182
7011E000001JxHu,426,672-42634-9016
7011E000001JxHu,426,672-44232-2676
7011E000001JxHu,426,672-43785-1754
7011E000001JxHu,426,672-43141-9754
7011E000001JxHu,426,672-43005-5535
7011E000001JxHu,426,672-42976-8957
7011E000001JxHu,426,672-49918-2787
7011E000001JxHu,426,672-48168-5172
7011E000001JxHu,426,672-33591-1289
7011E000001JxHu,426,672-40074-1070
7011E000001JxHu,426,672-48521-3847
7011E000001JxHu,426,672-49708-5786
7011E000001JxHu,426,672-42985-1211
7011E000001JxHu,426,672-42590-9037
7011E000001JxHu,426,672-49050-2244
7011E000001JxHu,426,672-36636-2370
7011E000001JxHu,426,672-49382-3990
7011E000001JxHu,426,672-48601-6289
7011E000001JxHu,426,672-43199-6826
7011E000001JxHu,426,672-42663-8640
7011E000001JxHu,426,672-45491-2819
7011E000001JxHu,426,672-49946-5833
7011E000001JxHu,426,672-36607-4117
7011E000001JxHu,426,672-49386-8801
7011E000001JxHu,426,672-49913-9614
7011E000001JxHu,426,672-50777-8964
7011E000001JxHu,426,672-43860-6971
7011E000001JxHu,426,672-51023-3771
7011E000001JxHu,426,672-48171-8491
7011E000001JxHu,426,672-46219-6019
7011E000001JxHu,426,672-46711-1490
7011E000001JxHu,426,672-36457-6444
7011E000001JxHu,426,672-46741-8517
7011E000001JxHu,426,672-35453-8997
7011E000001JxHu,426,672-43226-1046
7011E000001JxHu,426,672-43970-3680
7011E000001JxHu,426,672-42990-7820
7011E000001JxHu,426,672-40857-7719
7011E000001JxHu,426,672-48759-3428
7011E000001JxHu,426,672-40363-5888
7011E000001JxHu,426,672-45925-6921
7011E000001JxHu,426,672-42086-3783
7011E000001JxHu,426,672-46609-9607
7011E000001JxHu,426,672-43295-4097
7011E000001JxHu,426,672-29515-6919
7011E000001JxHu,426,672-46596-5780
7011E000001JxHu,426,672-44111-7424
7011E000001JxHu,426,672-44420-9509
7011E000001JxHu,426,672-37601-9494
7011E000001JxHu,426,672-43523-7451
7011E000001JxHu,426,672-49185-7216
7011E000001JxHu,426,672-49468-4431
7011E000001JxHu,426,672-41970-4202
7011E000001JxHu,426,672-50172-1282
7011E000001JxHu,426,672-43550-2059
7011E000001JxHu,426,672-33355-5104
7011E000001JxHu,426,672-38098-4934
7011E000001JxHu,426,672-38097-6284
7011E000001JxHu,426,672-45073-7507
7011E000001JxHu,426,672-42278-7912
7011E000001JxHu,426,672-50383-1860
7011E000001JxHu,426,672-43847-8911
7011E000001JxHu,426,672-44929-4953
7011E000001JxHu,426,672-43206-6265
7011E000001JxHu,426,672-46019-9180
7011E000001JxHu,426,672-43277-1826
7011E000001JxHu,426,672-42402-7275
7011E000001JxHu,426,672-43533-4897
7011E000001JxHu,426,672-49808-6581
7011E000001JxHu,426,672-49017-9701
7011E000001JxHu,426,672-40313-7808
7011E000001JxHu,426,672-49418-3518
7011E000001JxHu,426,672-43851-1459
7011E000001JxHu,426,672-42597-3148
7011E000001JxHu,426,672-43317-5973
7011E000001JxHu,426,672-35441-9042
7011E000001JxHu,426,672-42130-6933
7011E000001JxHu,426,672-37119-5987
7011E000001JxHu,426,672-43180-5216
7011E000001JxHu,426,672-42083-2849
7011E000001JxHu,426,672-32290-5292
7011E000001JxHu,426,672-48447-6791
7011E000001JxHu,426,672-46578-1145
7011E000001JxHu,426,672-51017-9121
7011E000001JxHu,426,672-26391-2705
7011E000001JxHu,426,672-41093-6766
7011E000001JxHu,426,672-30247-7626
7011E000001JxHu,426,672-44014-1176
7011E000001JxHu,426,672-48720-9947
7011E000001JxHu,426,672-44781-2710
7011E000001JxHu,426,672-46681-3945
7011E000001JxHu,426,672-43292-9077
7011E000001JxHu,426,672-50453-3652
7011E000001JxHu,426,672-36705-9681
7011E000001JxHu,426,672-36700-7821
7011E000001JxHu,426,672-48857-6350
7011E000001JxHu,426,672-46590-7079
7011E000001JxHu,426,672-46473-2040
7011E000001JxHu,426,672-36611-5067
7011E000001JxHu,426,672-51081-4165
7011E000001JxHu,426,672-43004-9042
7011E000001JxHu,426,672-40775-5997
7011E000001JxHu,426,672-29985-6209
7011E000001JxHu,426,672-48017-5751
7011E000001JxHu,426,672-43312-6865
7011E000001JxHu,426,672-43665-9148
7011E000001JxHu,426,672-33589-6286
7011E000001JxHu,426,672-48246-8540
7011E000001JxHu,426,672-41339-5992
7011E000001JxHu,426,672-48947-7492
7011E000001JxHu,426,672-48087-7646
7011E000001JxHu,426,672-42977-4480
7011E000001JxHu,426,672-48516-9547
7011E000001JxHu,426,672-40367-6631
7011E000001JxHu,426,672-49469-1836
7011E000001JxHu,426,672-37382-1749
7011E000001JxHu,426,672-48699-4838
7011E000001JxHu,426,672-44921-3427
7011E000001JxHu,426,672-46707-4218
7011E000001JxHu,426,672-44598-7476
7011E000001JxHu,426,672-49180-6994
7011E000001JxHu,426,672-27529-1624
7011E000001JxHu,426,672-46593-9535
7011E000001JxHu,426,672-46157-3477
7011E000001JxHu,426,672-46195-3945
7011E000001JxHu,426,672-43438-1083
7011E000001JxHu,426,672-44297-1533
7011E000001JxHu,426,672-43298-2794
7011E000001JxHu,426,672-43108-8582
7011E000001JxHu,426,672-43183-7980
7011E000001JxHu,426,672-33601-7030
7011E000001JxHu,426,672-44289-2042
7011E000001JxHu,426,672-42357-8972
7011E000001JxHu,426,672-46288-3777
7011E000001JxHu,426,672-45344-5731
7011E000001JxHu,426,672-45249-2592
7011E000001JxHu,426,672-45340-7904
7011E000001JxHu,426,672-40646-5149
7011E000001JxHu,426,672-48039-5471
7011E000001JxHu,426,672-48236-3903
7011E000001JxI9,427,672-49964-4296
7011E000001JxI9,427,672-50408-5206
7011E000001JxI9,427,672-43331-4627
7011E000001JxI9,427,672-42686-1843
7011E000001JxI9,427,672-43537-3172
7011E000001JxI9,427,672-48171-8491
7011E000001JxI9,427,672-48507-6805
7011E000001JxI9,427,672-50530-3922
7011E000001JxI9,427,672-51105-6282
7011E000001JxI9,427,672-43970-3680
7011E000001JxI9,427,672-38459-2995
7011E000001JxI9,427,672-40206-8636
7011E000001JxI9,427,672-49055-6599
7011E000001JxI9,427,672-33596-6873
7011E000001JxI9,427,672-33595-8880
7011E000001JxI9,427,672-51150-1103
7011E000001JxI9,427,672-48544-3633
7011E000001JxI9,427,672-41339-5992
7011E000001JxI9,427,672-33589-6286
7011E000001JxI9,427,672-33590-4303
7011E000001JxI9,427,672-40552-4249
7011E000001JxI9,427,672-40073-8237
7011E000001JxI9,427,672-42401-1747
7011E000001JxI9,427,672-50568-3708
7011E000001JxI9,427,672-43860-6971
7011E000001JxI9,427,672-43024-4570
7011E000001JxI9,427,672-42496-2224
7011E000001JxI9,427,672-42497-4720
7011E000001JxI9,427,672-44134-2542
7011E000001JxI9,427,672-48272-7410
7011E000001JxI9,427,672-44915-7861
7011E000001JxI9,427,672-44799-2808
7011E000001JxI9,427,672-48600-1747
7011E000001JxI9,427,672-42402-7275
7011E000001JxI9,427,672-40450-3524
7011E000001JxI9,427,672-46662-5516
7011E000001JxI9,427,672-43005-5535
7011E000001JxI9,427,672-50459-6241
7011E000001JxI9,427,672-45572-4153
7011E000001JxI9,427,672-42822-3361
7011E000001JxI9,427,672-48267-4105
7011E000001JxI9,427,672-45363-3726
7011E000001JxI9,427,672-41960-3432
7011E000001JxI9,427,672-42089-3485
7011E000001JxI9,427,672-45126-6961
7011E000001JxI9,427,672-49968-9982
7011E000001JxI9,427,672-35280-3771
7011E000001JxI9,427,672-48512-9816
7011E000001JxI9,427,672-48517-7674
7011E000001JxI9,427,672-41273-2553
7011E000001JxI9,427,672-48002-6724
7011E000001JxI9,427,672-48121-3871
7011E000001JxI9,427,672-44783-8499
7011E000001JxI9,427,672-43063-7938
7011E000001JxI9,427,672-43788-2825
7011E000001JxI9,427,672-49861-4316
7011E000001JxI9,427,672-48303-7557
7011E000001JxI9,427,672-44473-9635
7011E000001JxI9,427,672-43116-2666
7011E000001JxI9,427,672-48869-1279
7011E000001JxI9,427,672-42949-1058
7011E000001JxI9,427,672-45034-6565
7011E000001JxI9,427,672-40857-7719
7011E000001JxI9,427,672-33601-7030
7011E000001JxI9,427,672-35259-6639
7011E000001JxI9,427,672-44277-3731
7011E000001JxI9,427,672-43184-7722
7011E000001JxI9,427,672-43548-2193
7011E000001JxI9,427,672-50925-5202
7011E000001JxI9,427,672-43313-3657
7011E000001JxI9,427,672-45073-7507
7011E000001JxI9,427,672-40533-6339
7011E000001JxI9,427,672-46682-4340
7011E000001JxI9,427,672-26432-4320
7011E000001JxI9,427,672-42774-7005
7011E000001JxI9,427,672-45911-2323
7011E000001JxI9,427,672-33355-5104
7011E000001JxI9,427,672-43115-4280
7011E000001JxI9,427,672-46639-7530
7011E000001JxI9,427,672-49125-1232
7011E000001JxI9,427,672-46644-1175
7011E000001JxI9,427,672-43475-9571
7011E000001JxI9,427,672-40654-8381
7011E000001JxI9,427,672-43322-5013
7011E000001JxI9,427,672-43253-5182
7011E000001JxI9,427,672-43283-3768
7011E000001JxI9,427,672-46702-4989
7011E000001JxI9,427,672-40465-8496
7011E000001JxI9,427,672-48462-8839
7011E000001JxI9,427,672-45632-9578
7011E000001JxI9,427,672-48699-4838
7011E000001JxI9,427,672-40074-1070
7011E000001JxI9,427,672-48707-4398
7011E000001JxI9,427,672-48947-7492
7011E000001JxI9,427,672-44929-4953
7011E000001JxI9,427,672-42492-8380
7011E000001JxI9,427,672-49904-1059
7011E000001JxI9,427,672-44918-9467
7011E000001JxI9,427,672-37034-6033
7011E000001JxI9,427,672-37382-1749
7011E000001JxI9,427,672-44387-7037
7011E000001JxI9,427,672-40535-1142
7011E000001JxI9,427,672-48467-4426
7011E000001JxI9,427,672-42988-3314
7011E000001JxI9,427,672-42989-5304
7011E000001JxI9,427,672-50093-4597
7011E000001JxI9,427,672-46156-5156
7011E000001JxI9,427,672-42840-5089
7011E000001JxI9,427,672-43163-1078
7011E000001JxI9,427,672-49084-7003
7011E000001JxI9,427,672-50372-3731
7011E000001JxI9,427,672-43300-7476
7011E000001JxI9,427,672-43157-8498
7011E000001JxI9,427,672-43536-6636
7011E000001JxI9,427,672-51021-6146
7011E000001JxI9,427,672-47991-9914
7011E000001JxI9,427,672-36050-6193
7011E000001JxI9,427,672-42655-6665
7011E000001JxI9,427,672-43108-8582
7011E000001JxI9,427,672-49085-2236
7011E000001JxI9,427,672-49086-7918
7011E000001JxI9,427,672-43533-4897
7011E000001JxI9,427,672-44917-6375
7011E000001JxI9,427,672-42358-2909
7011E000001JxIE,428,672-48843-2475
7011E000001JxIE,428,672-45571-6422
7011E000001JxIE,428,672-46594-2403
7011E000001JxIE,428,672-48054-8537
7011E000001JxIE,428,672-46568-6693
7011E000001JxIE,428,672-43221-3090
7011E000001JxIE,428,672-46253-8926
7011E000001JxIE,428,672-45454-9574
7011E000001JxIE,428,672-43010-2400
7011E000001JxIE,428,672-48409-1050
7011E000001JxIE,428,672-49343-4815
7011E000001JxIE,428,672-49985-3392
7011E000001JxIE,428,672-37983-6223
7011E000001JxIE,428,672-49977-4268
7011E000001JxIE,428,672-48512-9816
7011E000001JxIE,428,672-49058-3023
7011E000001JxIE,428,672-43153-9734
7011E000001JxIE,428,672-50574-1736
7011E000001JxIE,428,672-43295-4097
7011E000001JxIE,428,672-42401-1747
7011E000001JxIE,428,672-45572-4153
7011E000001JxIE,428,672-43032-4930
7011E000001JxIE,428,672-46715-6537
7011E000001JxIE,428,672-49210-4958
7011E000001JxIE,428,672-43857-1277
7011E000001JxIE,428,672-42843-7578
7011E000001JxIE,428,672-32075-1525
7011E000001JxIE,428,672-35466-8154
7011E000001JxIE,428,672-50622-4223
7011E000001JxIE,428,672-49697-8829
7011E000001JxIE,428,672-43536-6636
7011E000001JxIE,428,672-36050-6193
7011E000001JxIE,428,672-50225-3880
7011E000001JxIE,428,672-44926-6454
7011E000001JxIE,428,672-45921-9211
7011E000001JxIE,428,672-42346-7168
7011E000001JxIE,428,672-35273-4333
7011E000001JxIE,428,672-48146-4099
7011E000001JxIE,428,672-43318-5572
7011E000001JxIE,428,672-46219-6019
7011E000001JxIE,428,672-44420-9509
7011E000001JxIE,428,672-44286-4611
7011E000001JxIE,428,672-44405-3755
7011E000001JxIE,428,672-48601-6289
7011E000001JxIE,428,672-40179-2288
7011E000001JxIE,428,672-46690-7094
7011E000001JxIE,428,672-46151-9444
7011E000001JxIE,428,672-50172-1282
7011E000001JxIE,428,672-42086-3783
7011E000001JxIE,428,672-40262-1688
7011E000001JxIE,428,672-48857-6350
7011E000001JxIE,428,672-48720-9947
7011E000001JxIE,428,672-48630-5746
7011E000001JxIE,428,672-44473-9635
7011E000001JxIE,428,672-44274-3620
7011E000001JxIE,428,672-43956-4250
7011E000001JxIE,428,672-43035-8492
7011E000001JxIE,428,672-48719-4598
7011E000001JxIE,428,672-49049-7439
7011E000001JxIE,428,672-50588-9280
7011E000001JxIE,428,672-43127-6545
7011E000001JxIE,428,672-40775-5997
7011E000001JxIE,428,672-46024-6238
7011E000001JxIE,428,672-43095-4297
7011E000001JxIE,428,672-43114-3256
7011E000001JxIJ,429,672-46206-2610
7011E000001JxIJ,429,672-37382-1749
7011E000001JxIJ,429,672-35442-8209
7011E000001JxIJ,429,672-44920-9646
7011E000001JxIJ,429,672-33595-8880
7011E000001JxIJ,429,672-35453-8997
7011E000001JxIJ,429,672-46156-5156
7011E000001JxIJ,429,672-48447-6791
7011E000001JxIJ,429,672-42391-5789
7011E000001JxIJ,429,672-42982-7306
7011E000001JxIJ,429,672-46114-4693
7011E000001JxIJ,429,672-48977-3461
7011E000001JxIJ,429,672-43785-1754
7011E000001JxIJ,429,672-48544-3633
7011E000001JxIJ,429,672-45344-5731
7011E000001JxIJ,429,672-48267-4105
7011E000001JxIJ,429,672-49861-4316
7011E000001JxIJ,429,672-48303-7557
7011E000001JxIJ,429,672-44606-5113
7011E000001JxIJ,429,672-48699-4838
7011E000001JxIJ,429,672-50416-1331
7011E000001JxIJ,429,672-43565-3033
7011E000001JxIJ,429,672-49386-8801
7011E000001JxIJ,429,672-49219-1294
7011E000001JxIJ,429,672-49173-1551
7011E000001JxIJ,429,672-37119-5987
7011E000001JxIJ,429,672-37121-7557
7011E000001JxIJ,429,672-37113-1393
7011E000001JxIJ,429,672-44061-6805
7011E000001JxIJ,429,672-46031-9027
7011E000001JxIJ,429,672-49676-7179
7011E000001JxIJ,429,672-49469-1836
7011E000001JxIJ,429,672-50306-8766
7011E000001JxIJ,429,672-48384-6906
7011E000001JxIJ,429,672-38097-6284
7011E000001JxIJ,429,672-49561-6629
7011E000001JxIJ,429,672-50940-1843
7011E000001JxIJ,429,672-44286-4611
7011E000001JxIJ,429,672-48087-7646
7011E000001JxIJ,429,672-48355-3364
7011E000001JxIJ,429,672-48309-2588
7011E000001JxIJ,429,672-43338-2338
7011E000001JxIJ,429,672-43548-2193
7011E000001JxIJ,429,672-44893-3660
7011E000001JxIJ,429,672-49572-5767
7011E000001JxIJ,429,672-49068-4500
7011E000001JxIJ,429,672-49925-5706
7011E000001JxIJ,429,672-43376-3951
7011E000001JxIJ,429,672-41099-5480
7011E000001JxIJ,429,672-50222-2745
7011E000001JxIJ,429,672-48972-1357
7011E000001JxIJ,429,672-42976-8957
7011E000001JxIJ,429,672-45880-2816
7011E000001JxIJ,429,672-50925-5202
7011E000001JxIJ,429,672-48600-1747
7011E000001JxIJ,429,672-38098-4934
7011E000001JxIJ,429,672-49897-7825
7011E000001JxIJ,429,672-50922-4493
7011E000001JxIJ,429,672-43317-5973
7011E000001JxIJ,429,672-48043-9009
7011E000001JxIJ,429,672-42497-4720
7011E000001JxIJ,429,672-42496-2224
7011E000001JxIJ,429,672-45584-4424
7011E000001JxIJ,429,672-49603-8978
7011E000001JxIJ,429,672-51154-1689
7011E000001JxIJ,429,672-40452-6987
7011E000001JxIJ,429,672-48601-6289
7011E000001JxIJ,429,672-40453-8590
7011E000001JxIJ,429,672-46733-2466
7011E000001JxIJ,429,672-44504-4317
7011E000001JxIJ,429,672-43791-5147
7011E000001JxIJ,429,672-49683-4764
7011E000001JxIJ,429,672-48131-8372
7011E000001JxIJ,429,672-43022-2986
7011E000001JxIJ,429,672-42405-9661
7011E000001JxIJ,429,672-45046-9605
7011E000001JxIJ,429,672-43212-7697
7011E000001JxIJ,429,672-44799-2808
7011E000001JxIJ,429,672-48276-4042
7011E000001JxIJ,429,672-43300-7476
7011E000001JxIJ,429,672-42679-7869
7011E000001JxIJ,429,672-46741-8517
7011E000001JxIJ,429,672-49684-2925
7011E000001JxIJ,429,672-36602-2714
7011E000001JxIJ,429,672-30247-7626
7011E000001JxIJ,429,672-43851-1459
7011E000001JxIJ,429,672-42843-7578
7011E000001JxIJ,429,672-36453-1229
7011E000001JxIJ,429,672-48275-2871
7011E000001JxIJ,429,672-43295-4097
7011E000001JxIJ,429,672-46045-4708
7011E000001JxIJ,429,672-42609-1268
7011E000001JxIJ,429,672-44473-9635
7011E000001JxIJ,429,672-36483-4179
7011E000001JxIJ,429,672-43209-2378
7011E000001JxIJ,429,672-36468-3818
7011E000001JxIJ,429,672-43850-5374
7011E000001JxIJ,429,672-42351-4506
7011E000001JxIJ,429,672-49915-9385
7011E000001JxIJ,429,672-41090-8455
7011E000001JxIJ,429,672-43307-5939
7011E000001JxIJ,429,672-43175-7603
7011E000001JxIJ,429,672-51049-8904
7011E000001JxIJ,429,672-42193-3702
7011E000001JxIJ,429,672-48011-9000
7011E000001JxIJ,429,672-44405-3755
7011E000001JxIJ,429,672-49141-9798
7011E000001JxIJ,429,672-50226-8759
7011E000001JxIJ,429,672-36457-6444
7011E000001JxIJ,429,672-46662-5516
7011E000001JxIJ,429,672-45575-9756
7011E000001JxIJ,429,672-44481-2112
7011E000001JxIJ,429,672-49397-1006
7011E000001JxIJ,429,672-43163-1078
7011E000001JxIJ,429,672-48819-4886
7011E000001JxIJ,429,672-42379-7070
7011E000001JxIJ,429,672-46038-3014
7011E000001JxIJ,429,672-41248-2732
7011E000001JxIJ,429,672-43292-9077
7011E000001JxIJ,429,672-44783-8499
7011E000001JxIJ,429,672-43541-9461
7011E000001JxIJ,429,672-43523-7451
7011E000001JxIJ,429,672-49142-7041
7011E000001JxIJ,429,672-46690-7094
7011E000001JxIJ,429,672-48818-7598
7011E000001JxIJ,429,672-43109-7011
7011E000001JxIJ,429,672-43464-8408
7011E000001JxIJ,429,672-43572-4534
7011E000001JxIJ,429,672-43645-6556
7011E000001JxIJ,429,672-33591-1289
7011E000001JxIJ,429,672-43538-3448
7011E000001JxIJ,429,672-49694-5312
7011E000001JxIJ,429,672-49697-8829
7011E000001JxIJ,429,672-48630-5746
7011E000001JxIJ,429,672-48006-1438
7011E000001JxIJ,429,672-45911-2323
7011E000001JxIJ,429,672-48002-6724
7011E000001JxIJ,429,672-44006-1308
7011E000001JxIJ,429,672-50588-9280
7011E000001JxIJ,429,672-48347-5913
7011E000001JxIJ,429,672-29515-6919
7011E000001JxIJ,429,672-50040-3301
7011E000001JxIJ,429,672-43282-6566
7011E000001JxIJ,429,672-26391-2705
7011E000001JxIJ,429,672-46371-8873
7011E000001JxIJ,429,672-42357-8972
7011E000001JxIJ,429,672-40642-1109
7011E000001JxIJ,429,672-48867-5416
7011E000001JxIJ,429,672-43561-4376
7011E000001JxIJ,429,672-48596-2258
7011E000001JxIJ,429,672-42599-6811
7011E000001JxIJ,429,672-46151-9444
7011E000001JxIJ,429,672-44014-1176
7011E000001JxIJ,429,672-38318-7825
7011E000001JxIJ,429,672-43115-4280
7011E000001JxIJ,429,672-43180-5216
7011E000001JxIJ,429,672-43025-6800
7011E000001JxIJ,429,672-49674-7026
7011E000001JxIJ,429,672-50072-5588
7011E000001JxIJ,429,672-51023-3771
7011E000001JxIJ,429,672-42597-3148
7011E000001JxIJ,429,672-44297-1533
7011E000001JxIJ,429,672-48031-9230
7011E000001JxIJ,429,672-36867-9060
7011E000001JxIJ,429,672-48516-9547
7011E000001JxIJ,429,672-33590-4303
7011E000001JxIJ,429,672-45477-6982
7011E000001JxIJ,429,672-41805-1848
7011E000001JxIJ,429,672-33495-1616
7011E000001JxIJ,429,672-43857-1277
7011E000001JxIJ,429,672-49182-2224
7011E000001JxIJ,429,672-48605-6199
7011E000001JxIJ,429,672-49185-7216
7011E000001JxIJ,429,672-43776-6371
7011E000001JxIJ,429,672-46504-9545
7011E000001JxIJ,429,672-43665-9148
7011E000001JxIJ,429,672-43312-6865
7011E000001JxIJ,429,672-41348-3123
7011E000001JxIJ,429,672-36611-5067
7011E000001JxIJ,429,672-49918-2787
7011E000001JxIJ,429,672-42702-1939
7011E000001JxIJ,429,672-42687-7712
7011E000001JxIJ,429,672-44926-6454
7011E000001JxIJ,429,672-46681-3945
7011E000001JxIJ,429,672-48526-4463
7011E000001JxIJ,429,672-48168-5172
7011E000001JxIJ,429,672-42600-5974
7011E000001JxIJ,429,672-50272-2409
7011E000001JxIJ,429,672-51017-9121
7011E000001JxIJ,429,672-41722-1349
7011E000001JxIJ,429,672-43184-7722
7011E000001JxIJ,429,672-27529-1624
7011E000001JxIJ,429,672-46015-1244
7011E000001JxIJ,429,672-43283-3768
7011E000001JxIJ,429,672-43294-1838
7011E000001JxIJ,429,672-46667-7664
7011E000001JxIJ,429,672-42601-2683
7011E000001JxIJ,429,672-42835-9496
7011E000001JxIJ,429,672-42988-3314
7011E000001JxIJ,429,672-42989-5304
7011E000001JxIJ,429,672-44899-5701
7011E000001JxIJ,429,672-27523-3758
7011E000001JxIJ,429,672-43013-4084
7011E000001JxIJ,429,672-32300-9657
7011E000001JxIJ,429,672-46461-7662
7011E000001JxIJ,429,672-45465-8362
7011E000001JxIJ,429,672-46030-2937
7011E000001JxIJ,429,672-40366-1928
7011E000001JxIJ,429,672-43313-3657
7011E000001JxIJ,429,672-29312-9748
7011E000001JxIJ,429,672-42355-8009
7011E000001JxIJ,429,672-31863-5685
7011E000001JxIJ,429,672-32293-8305
7011E000001JxIJ,429,672-32290-5292
7011E000001JxIJ,429,672-44078-4568
7011E000001JxIJ,429,672-43796-6060
7011E000001JxIJ,429,672-42867-9343
7011E000001JxIJ,429,672-43273-6624
7011E000001JxIJ,429,672-45382-7784
7011E000001JxIJ,429,672-49904-1059
7011E000001JxIJ,429,672-43004-9042
7011E000001JxIJ,429,672-42627-5865
7011E000001JxIJ,429,672-48171-8491
7011E000001JxIJ,429,672-46405-4532
7011E000001JxIJ,429,672-43332-5542
7011E000001JxIJ,429,672-49213-4743
7011E000001JxIJ,429,672-41970-4202
7011E000001JxIJ,429,672-42207-7670
7011E000001JxIJ,429,672-46359-9968
7011E000001JxIJ,429,672-46157-3477
7011E000001JxIJ,429,672-48762-2685
7011E000001JxIJ,429,672-42211-6830
7011E000001JxIJ,429,672-40367-6631
7011E000001JxIJ,429,672-49685-1258
7011E000001JxIJ,429,672-48284-2354
7011E000001JxIJ,429,672-48287-9003
7011E000001JxIJ,429,672-49180-6994
7011E000001JxIJ,429,672-43221-3090
7011E000001JxIJ,429,672-43461-7028
7011E000001JxIJ,429,672-43543-6951
7011E000001JxIJ,429,672-43654-6745
7011E000001JxIJ,429,672-50453-3652
7011E000001JxIJ,429,672-48390-3526
7011E000001JxIJ,429,672-48155-4747
7011E000001JxIJ,429,672-42985-1211
7011E000001JxIJ,429,672-44789-4121
7011E000001JxIJ,429,672-42862-3245
7011E000001JxIJ,429,672-49418-3518
7011E000001JxIJ,429,672-43642-6368
7011E000001JxIJ,429,672-49808-6581
7011E000001JxIJ,429,672-42363-2105
7011E000001JxIJ,429,672-41213-2143
7011E000001JxIJ,429,672-43263-6343
7011E000001JxIJ,429,672-46682-4340
7011E000001JxIJ,429,672-43978-2514
7011E000001JxIJ,429,672-44598-7476
7011E000001JxIJ,429,672-44001-7682
7011E000001JxIJ,429,672-42677-3767
7011E000001JxIJ,429,672-46715-6537
7011E000001JxIJ,429,672-40552-4249
7011E000001JxIJ,429,672-44781-2710
7011E000001JxIJ,429,672-46578-1145
7011E000001JxIJ,429,672-43845-5938
7011E000001JxIJ,429,672-50261-1053
7011E000001JxIJ,429,672-42986-7639
7011E000001JxIJ,429,672-41271-6247
7011E000001JxIJ,429,672-46024-6238
7011E000001JxIJ,429,672-46508-2383
7011E000001JxIJ,429,672-45921-9211
7011E000001JxIJ,429,672-48363-1348
7011E000001JxIJ,429,672-42623-9248
7011E000001JxIJ,429,672-49055-6599
7011E000001JxIJ,429,672-49778-5935
7011E000001JxIJ,429,672-49830-6926
7011E000001JxIJ,429,672-42380-5356
7011E000001JxIJ,429,672-40661-8096
7011E000001JxIJ,429,672-40313-7808
7011E000001JxIJ,429,672-27389-6080
7011E000001JxIJ,429,672-45571-6422
7011E000001JxIJ,429,672-42990-7820
7011E000001JxIJ,429,672-44871-5174
7011E000001JxIO,430,672-35453-8997
7011E000001JxIO,430,672-46461-7662
7011E000001JxIO,430,672-42373-3121
7011E000001JxIO,430,672-42196-2702
7011E000001JxIO,430,672-43953-5989
7011E000001JxIO,430,672-32293-8305
7011E000001JxIO,430,672-50222-2745
7011E000001JxIO,430,672-48544-3633
7011E000001JxIO,430,672-33634-6359
7011E000001JxIO,430,672-45083-1990
7011E000001JxIO,430,672-42496-2224
7011E000001JxIO,430,672-46728-4385
7011E000001JxIO,430,672-49068-4500
7011E000001JxIO,430,672-43252-5333
7011E000001JxIO,430,672-48977-3461
7011E000001JxIO,430,672-49219-1294
7011E000001JxIO,430,672-48385-8870
7011E000001JxIO,430,672-49084-7003
7011E000001JxIO,430,672-46038-3014
7011E000001JxIO,430,672-51081-4165
7011E000001JxIO,430,672-46323-9624
7011E000001JxIO,430,672-43467-2626
7011E000001JxIO,430,672-51049-8904
7011E000001JxIO,430,672-42974-2724
7011E000001JxIO,430,672-43284-6629
7011E000001JxIO,430,672-46359-9968
7011E000001JxIO,430,672-49697-8829
7011E000001JxIO,430,672-36481-9751
7011E000001JxIO,430,672-48600-1747
7011E000001JxIO,430,672-43339-3988
7011E000001JxIO,430,672-46026-1930
7011E000001JxIO,430,672-33340-3407
7011E000001JxIO,430,672-36511-4666
7011E000001JxIO,430,672-48272-7410
7011E000001JxIO,430,672-43034-9317
7011E000001JxIO,430,672-45909-1308
7011E000001JxIO,430,672-45575-9756
7011E000001JxIO,430,672-44270-3080
7011E000001JxIO,430,672-46176-8374
7011E000001JxIO,430,672-49968-9982
7011E000001JxIO,430,672-43548-2193
7011E000001JxIO,430,672-50925-5202
7011E000001JxIO,430,672-46700-7916
7011E000001JxIO,430,672-49290-6740
7011E000001JxIO,430,672-46715-6537
7011E000001JxIO,430,672-43310-6993
7011E000001JxIO,430,672-46457-3246
7011E000001JxIO,430,672-49389-9040
7011E000001JxIO,430,672-43856-5199
7011E000001JxIO,430,672-43968-2444
7011E000001JxIO,430,672-49778-5935
7011E000001JxIO,430,672-45046-9605
7011E000001JxIO,430,672-49142-7041
7011E000001JxIO,430,672-46015-1244
7011E000001JxIO,430,672-43431-7175
7011E000001JxIO,430,672-45896-2890
7011E000001JxIO,430,672-43322-5013
7011E000001JxIO,430,672-48267-4105
7011E000001JxIO,430,672-42686-1843
7011E000001JxIO,430,672-33602-5163
7011E000001JxIO,430,672-43443-3966
7011E000001JxIO,430,672-42405-9661
7011E000001JxIO,430,672-42678-9995
7011E000001JxIO,430,672-41248-2732
7011E000001JxIO,430,672-45819-8562
7011E000001JxIO,430,672-46644-1175
7011E000001JxIO,430,672-50531-1113
7011E000001JxIO,430,672-48506-3181
7011E000001JxIO,430,672-43278-8101
7011E000001JxIO,430,672-42623-9248
7011E000001JxIO,430,672-45572-4153
7011E000001JxIO,430,672-37522-9597
7011E000001JxIO,430,672-43155-4611
7011E000001JxIO,430,672-40451-1360
7011E000001JxIO,430,672-49125-1232
7011E000001JxIO,430,672-46639-7530
7011E000001JxIO,430,672-49769-8951
7011E000001JxIO,430,672-35280-3771
7011E000001JxIO,430,672-43274-9941
7011E000001JxIO,430,672-42605-6615
7011E000001JxIO,430,672-43293-1087
7011E000001JxIO,430,672-43174-5848
7011E000001JxIO,430,672-44902-4258
7011E000001JxIO,430,672-48462-8839
7011E000001JxIO,430,672-48258-5306
7011E000001JxIO,430,672-43197-6794
7011E000001JxIO,430,672-49390-9784
7011E000001JxIO,430,672-42634-9016
7011E000001JxIO,430,672-36603-3497
7011E000001JxIO,430,672-50530-3922
7011E000001JxIO,430,672-40262-1688
7011E000001JxIO,430,672-40216-2161
7011E000001JxIO,430,672-35466-8154
7011E000001JxIO,430,672-43148-4585
7011E000001JxIO,430,672-49037-4268
7011E000001JxIO,430,672-49521-3236
7011E000001JxIO,430,672-50282-9441
7011E000001JxIO,430,672-43238-9188
7011E000001JxIO,430,672-49179-1929
7011E000001JxIO,430,672-50549-8291
7011E000001JxIO,430,672-43191-2454
7011E000001JxIO,430,672-46456-5444
7011E000001JxIO,430,672-43222-9467
7011E000001JxIO,430,672-49896-1641
7011E000001JxIO,430,672-43300-7476
7011E000001JxIO,430,672-49036-3664
7011E000001JxIO,430,672-50445-4184
7011E000001JxIO,430,672-43264-6708
7011E000001JxIO,430,672-43276-2932
7011E000001JxIO,430,672-46625-7562
7011E000001JxIO,430,672-43978-2514
7011E000001JxIO,430,672-46466-2309
7011E000001JxIO,430,672-40865-8000
7011E000001JxIO,430,672-43217-2898
7011E000001JxIO,430,672-36864-6939
7011E000001JxIO,430,672-44570-1288
7011E000001JxIO,430,672-38275-1157
7011E000001JxIO,430,672-43019-3542
7011E000001JxIO,430,672-49369-7035
7011E000001JxIO,430,672-42619-9918
7011E000001JxIO,430,672-43182-4978
7011E000001JxIO,430,672-29861-6870
7011E000001JxIO,430,672-44158-7416
7011E000001JxIO,430,672-44275-9382
7011E000001JxIO,430,672-49761-4976
7011E000001JxIO,430,672-43134-7890
7011E000001JxIO,430,672-42620-2051
7011E000001JxIO,430,672-43766-6274
7011E000001JxIO,430,672-43018-7807
7011E000001JxIO,430,672-43096-4251
7011E000001JxIO,430,672-43555-2742
7011E000001JxIO,430,672-50372-3731
7011E000001JxIO,430,672-50394-7987
7011E000001JxIO,430,672-46179-2158
7011E000001JxIO,430,672-43153-9734
7011E000001JxIO,430,672-42651-9695
7011E000001JxIT,431,672-48843-2475
7011E000001JxIT,431,672-46014-2352
7011E000001JxIT,431,672-48284-2354
7011E000001JxIT,431,672-49910-2472
7011E000001JxIT,431,672-43845-5938
7011E000001JxIT,431,672-46625-7562
7011E000001JxIT,431,672-42677-3767
7011E000001JxIT,431,672-43461-7028
7011E000001JxIT,431,672-50571-4592
7011E000001JxIT,431,672-49807-6246
7011E000001JxIT,431,672-49830-6926
7011E000001JxIT,431,672-46609-9607
7011E000001JxIT,431,672-48941-3052
7011E000001JxIT,431,672-41829-2241
7011E000001JxIT,431,672-29861-6870
7011E000001JxIT,431,672-49049-7439
7011E000001JxIT,431,672-50172-1282
7011E000001JxIT,431,672-48043-9009
7011E000001JxIT,431,672-44404-4464
7011E000001JxIT,431,672-49068-4500
7011E000001JxIT,431,672-40367-6631
7011E000001JxIT,431,672-43782-2264
7011E000001JxIT,431,672-43307-5939
7011E000001JxIT,431,672-43295-4097
7011E000001JxIT,431,672-45483-6058
7011E000001JxIT,431,672-41830-2263
7011E000001JxIT,431,672-45496-5454
7011E000001JxIT,431,672-29312-9748
7011E000001JxIT,431,672-45575-9756
7011E000001JxIT,431,672-46405-4532
7011E000001JxIT,431,672-44595-5685
7011E000001JxIT,431,672-44606-5113
7011E000001JxIT,431,672-37116-1252
7011E000001JxIT,431,672-37119-5987
7011E000001JxIT,431,672-37117-5087
7011E000001JxIT,431,672-44895-9984
7011E000001JxIT,431,672-49050-2244
7011E000001JxIT,431,672-43096-4251
7011E000001JxIT,431,672-44570-1288
7011E000001JxIT,431,672-26391-2705
7011E000001JxIT,431,672-43127-6545
7011E000001JxIT,431,672-32293-8305
7011E000001JxIT,431,672-44313-7018
7011E000001JxIT,431,672-46613-9133
7011E000001JxIT,431,672-45819-8562
7011E000001JxIT,431,672-49179-1929
7011E000001JxIT,431,672-49779-8609
7011E000001JxIT,431,672-41099-5480
7011E000001JxIT,431,672-42075-6103
7011E000001JxIT,431,672-46180-5790
7011E000001JxIT,431,672-43212-7697
7011E000001JxIT,431,672-46219-6019
7011E000001JxIT,431,672-46461-7662
7011E000001JxIT,431,672-29515-6919
7011E000001JxIT,431,672-45389-8188
7011E000001JxIT,431,672-46031-9027
7011E000001JxIT,431,672-48737-8349
7011E000001JxIT,431,672-42836-9035
7011E000001JxIT,431,672-48017-5751
7011E000001JxIT,431,672-49959-9670
7011E000001JxIT,431,672-30247-7626
7011E000001JxIT,431,672-29296-8842
7011E000001JxIT,431,672-48819-4886
7011E000001JxIT,431,672-48818-7598
7011E000001JxIT,431,672-43022-2986
7011E000001JxIT,431,672-44897-2167
7011E000001JxIT,431,672-43294-1838
7011E000001JxIT,431,672-40454-1167
7011E000001JxIT,431,672-43209-2378
7011E000001JxIT,431,672-46578-1145
7011E000001JxIT,431,672-48857-6350
7011E000001JxIT,431,672-48046-4324
7011E000001JxIT,431,672-42357-8972
7011E000001JxIT,431,672-45909-1308
7011E000001JxIT,431,672-44006-1308
7011E000001JxIT,431,672-43642-6368
7011E000001JxIT,431,672-46026-1930
7011E000001JxIT,431,672-46676-4224
7011E000001JxIT,431,672-46333-4837
7011E000001JxIT,431,672-49904-1059
7011E000001JxIT,431,672-46681-3945
7011E000001JxIT,431,672-46114-4693
7011E000001JxIT,431,672-48136-3776
7011E000001JxIT,431,672-42130-6933
7011E000001JxIT,431,672-43561-4376
7011E000001JxIT,431,672-48867-5416
7011E000001JxIT,431,672-35442-8209
7011E000001JxIT,431,672-37504-6605
7011E000001JxIT,431,672-48766-4011
7011E000001JxIT,431,672-40216-2161
7011E000001JxIT,431,672-32182-2587
7011E000001JxIT,431,672-40642-1109
7011E000001JxIT,431,672-40643-6974
7011E000001JxIT,431,672-43966-5074
7011E000001JxIT,431,672-48390-3526
7011E000001JxIT,431,672-33634-6359
7011E000001JxIT,431,672-45571-6422
7011E000001JxIT,431,672-49389-9040
7011E000001JxIY,432,672-46045-4708
7011E000001JxIY,432,672-43278-8101
7011E000001JxIY,432,672-48854-7437
7011E000001JxIY,432,672-49852-3892
7011E000001JxIY,432,672-46598-7710
7011E000001JxIY,432,672-42405-9661
7011E000001JxIY,432,672-42977-4480
7011E000001JxIY,432,672-43277-1826
7011E000001JxIY,432,672-49219-1294
7011E000001JxIY,432,672-48977-3461
7011E000001JxIY,432,672-43024-4570
7011E000001JxIY,432,672-46405-4532
7011E000001JxIY,432,672-43318-5572
7011E000001JxIY,432,672-45465-8362
7011E000001JxIY,432,672-43328-4952
7011E000001JxIY,432,672-50592-2429
7011E000001JxIY,432,672-42651-9695
7011E000001JxIY,432,672-50282-9441
7011E000001JxIY,432,672-40179-2288
7011E000001JxIY,432,672-43130-6608
7011E000001JxIY,432,672-43262-2314
7011E000001JxIY,432,672-43307-5939
7011E000001JxIY,432,672-43171-8128
7011E000001JxIY,432,672-48153-4189
7011E000001JxIY,432,672-43546-4723
7011E000001JxIY,432,672-46038-3014
7011E000001JxIY,432,672-50459-6241
7011E000001JxIY,432,672-49676-7179
7011E000001JxIY,432,672-42686-1843
7011E000001JxIY,432,672-43180-5216
7011E000001JxIY,432,672-42401-1747
7011E000001JxIY,432,672-44606-5113
7011E000001JxIY,432,672-45496-5454
7011E000001JxIY,432,672-43199-6826
7011E000001JxIY,432,672-48600-1747
7011E000001JxIY,432,672-42601-2683
7011E000001JxIY,432,672-46156-5156
7011E000001JxIY,432,672-44911-9023
7011E000001JxIY,432,672-43467-2626
7011E000001JxIY,432,672-43155-4611
7011E000001JxIY,432,672-40632-3290
7011E000001JxIY,432,672-46738-6934
7011E000001JxIY,432,672-43338-2338
7011E000001JxIY,432,672-45880-2816
7011E000001JxIY,432,672-48309-2588
7011E000001JxIY,432,672-43679-2638
7011E000001JxIY,432,672-50272-2409
7011E000001JxIY,432,672-48605-6199
7011E000001JxIY,432,672-49568-4679
7011E000001JxIY,432,672-43310-6993
7011E000001JxIY,432,672-43015-4750
7011E000001JxIY,432,672-46359-9968
7011E000001JxIY,432,672-49213-4743
7011E000001JxIY,432,672-42822-3361
7011E000001JxIY,432,672-42046-3440
7011E000001JxIY,432,672-43518-6064
7011E000001JxIY,432,672-49683-4764
7011E000001JxIY,432,672-40363-5888
7011E000001JxIY,432,672-48246-8540
7011E000001JxIY,432,672-42773-5452
7011E000001JxIY,432,672-33602-5163
7011E000001JxIY,432,672-48520-7349
7011E000001JxIY,432,672-42990-7820
7011E000001JxIY,432,672-43766-6274
7011E000001JxIY,432,672-43339-3988
7011E000001JxIY,432,672-43282-6566
7011E000001JxIY,432,672-42214-7998
7011E000001JxIY,432,672-48972-1357
7011E000001JxIY,432,672-42702-1939
7011E000001JxIY,432,672-41722-1349
7011E000001JxIY,432,672-46443-1300
7011E000001JxIY,432,672-49918-2787
7011E000001JxIY,432,672-42867-9343
7011E000001JxIY,432,672-36603-3497
7011E000001JxIY,432,672-42862-3245
7011E000001JxIY,432,672-41805-1848
7011E000001JxIY,432,672-41090-8455
7011E000001JxIY,432,672-43317-5973
7011E000001JxIY,432,672-45996-8467
7011E000001JxIY,432,672-43019-3542
7011E000001JxIY,432,672-42687-7712
7011E000001JxIY,432,672-45366-3629
7011E000001JxIY,432,672-49084-7003
7011E000001JxIY,432,672-45492-4088
7011E000001JxIY,432,672-45495-6620
7011E000001JxIY,432,672-41248-2732
7011E000001JxIY,432,672-50261-1053
7011E000001JxIY,432,672-43256-7668
7011E000001JxIY,432,672-37382-1749
7011E000001JxIY,432,672-44924-1206
7011E000001JxIY,432,672-49572-5767
7011E000001JxIY,432,672-44918-9467
7011E000001JxIY,432,672-42509-5176
7011E000001JxIY,432,672-43146-7270
7011E000001JxIY,432,672-42373-3121
7011E000001JxIY,432,672-49210-4958
7011E000001JxIY,432,672-50226-8759
7011E000001JxIY,432,672-41966-7554
7011E000001JxIY,432,672-43870-3569
7011E000001JxIY,432,672-43354-5870
7011E000001JxIY,432,672-46603-7442
7011E000001JxIY,432,672-44781-2710
7011E000001JxIY,432,672-43475-9571
7011E000001JxIY,432,672-49080-4158
7011E000001JxIY,432,672-48297-4026
7011E000001JxIY,432,672-41273-2553
7011E000001JxIY,432,672-27389-6080
7011E000001JxIY,432,672-43313-3657
7011E000001JxIY,432,672-46522-9395
7011E000001JxIY,432,672-45082-3326
7011E000001JxIY,432,672-43194-9224
7011E000001JxIY,432,672-37793-5330
7011E000001JxIY,432,672-43953-5989
7011E000001JxIY,432,672-43290-1250
7011E000001JxIY,432,672-44782-1976
7011E000001JxIY,432,672-44481-2112
7011E000001JxIY,432,672-45925-6921
7011E000001JxIY,432,672-26432-4320
7011E000001JxIY,432,672-43128-9724
7011E000001JxIY,432,672-42278-7912
7011E000001JxIY,432,672-49125-1232
7011E000001JxIY,432,672-46609-9607
7011E000001JxIY,432,672-43109-7011
7011E000001JxIY,432,672-46219-6019
7011E000001JxIY,432,672-42083-2849
7011E000001JxIY,432,672-51049-8904
7011E000001JxIY,432,672-38459-2995
7011E000001JxIY,432,672-40552-4249
7011E000001JxIY,432,672-46733-2466
7011E000001JxIY,432,672-40073-8237
7011E000001JxIY,432,672-44463-5833
7011E000001JxIY,432,672-40391-6112
7011E000001JxIY,432,672-45382-7784
7011E000001JxIY,432,672-43253-5182
7011E000001JxIY,432,672-43206-6265
7011E000001JxIY,432,672-46444-7221
7011E000001JxIY,432,672-49901-3491
7011E000001JxIY,432,672-49142-7041
7011E000001JxIY,432,672-45344-5731
7011E000001JxIY,432,672-49141-9798
7011E000001JxIY,432,672-48529-3000
7011E000001JxIY,432,672-46014-2352
7011E000001JxIY,432,672-38153-7235
7011E000001JxIY,432,672-43268-7613
7011E000001JxIY,432,672-36452-6010
7011E000001JxIY,432,672-50222-2745
7011E000001JxIY,432,672-45340-7904
7011E000001JxIY,432,672-42389-8526
7011E000001JxIY,432,672-49290-6740
7011E000001JxIY,432,672-50393-5431
7011E000001JxIY,432,672-46739-2018
7011E000001JxIY,432,672-45243-7448
7011E000001JxIY,432,672-48467-4426
7011E000001JxIY,432,672-40206-8636
7011E000001JxIY,432,672-35265-5533
7011E000001JxIY,432,672-30356-9103
7011E000001JxIY,432,672-29312-9748
7011E000001JxIY,432,672-48043-9009
7011E000001JxIY,432,672-43785-1754
7011E000001JxIY,432,672-41120-8710
7011E000001JxIY,432,672-43157-8498
7011E000001JxIY,432,672-45911-2323
7011E000001JxIY,432,672-43279-5357
7011E000001JxIY,432,672-46702-4989
7011E000001JxIY,432,672-46613-9133
7011E000001JxIY,432,672-49180-6994
7011E000001JxIY,432,672-33590-4303
7011E000001JxIY,432,672-45632-9578
7011E000001JxIY,432,672-43291-3722
7011E000001JxIY,432,672-49369-7035
7011E000001JxIY,432,672-42089-3485
7011E000001JxIY,432,672-45363-3726
7011E000001JxIY,432,672-42655-6665
7011E000001JxIY,432,672-40367-6631
7011E000001JxIY,432,672-51154-1689
7011E000001JxIY,432,672-46590-7079
7011E000001JxIY,432,672-41339-5992
7011E000001JxIY,432,672-33589-6286
7011E000001JxIY,432,672-42363-2105
7011E000001JxIY,432,672-40557-2425
7011E000001JxIY,432,672-42355-8009
7011E000001JxIY,432,672-36051-9338
7011E000001JxIY,432,672-45241-7615
7011E000001JxIY,432,672-42774-7005
7011E000001JxIY,432,672-32300-9657
7011E000001JxIY,432,672-43197-6794
7011E000001JxIY,432,672-50410-6144
7011E000001JxIY,432,672-45892-8193
7011E000001JxIY,432,672-43523-7451
7011E000001JxIY,432,672-43464-8408
7011E000001JxId,433,672-48843-2475
7011E000001JxId,433,672-49778-5935
7011E000001JxId,433,672-50383-1860
7011E000001JxId,433,672-43659-4654
7011E000001JxId,433,672-33634-6359
7011E000001JxId,433,672-43032-4930
7011E000001JxId,433,672-43199-6826
7011E000001JxId,433,672-46741-8517
7011E000001JxId,433,672-44895-9984
7011E000001JxId,433,672-45099-1801
7011E000001JxId,433,672-45101-7080
7011E000001JxId,433,672-48941-3052
7011E000001JxId,433,672-43015-4750
7011E000001JxId,433,672-46743-6493
7011E000001JxId,433,672-43252-5333
7011E000001JxId,433,672-44274-3620
7011E000001JxId,433,672-44252-9442
7011E000001JxId,433,672-44254-3013
7011E000001JxId,433,672-50225-3880
7011E000001JxId,433,672-49343-4815
7011E000001JxId,433,672-43441-7954
7011E000001JxId,433,672-46221-3252
7011E000001JxId,433,672-45478-3149
7011E000001JxId,433,672-42678-9995
7011E000001JxId,433,672-43309-7965
7011E000001JxId,433,672-43354-5870
7011E000001JxId,433,672-49779-8609
7011E000001JxId,433,672-44911-9023
7011E000001JxId,433,672-42086-3783
7011E000001JxId,433,672-36452-6010
7011E000001JxId,433,672-50777-8964
7011E000001JxId,433,672-40451-1360
7011E000001JxId,433,672-43331-4627
7011E000001JxId,433,672-43219-4377
7011E000001JxId,433,672-46288-3777
7011E000001JxId,433,672-48720-9947
7011E000001JxId,433,672-45572-4153
7011E000001JxId,433,672-40857-7719
7011E000001JxId,433,672-43034-9317
7011E000001JxId,433,672-50571-4592
7011E000001JxId,433,672-42402-7275
7011E000001JxId,433,672-48495-6692
7011E000001JxId,433,672-30356-9103
7011E000001JxId,433,672-50622-4223
7011E000001JxIi,434,672-48843-2475
7011E000001JxIi,434,672-44151-9211
7011E000001JxIi,434,672-42589-6393
7011E000001JxIi,434,672-46528-1897
7011E000001JxIi,434,672-46527-3387
7011E000001JxIi,434,672-45499-3518
7011E000001JxIi,434,672-49549-2242
7011E000001JxIi,434,672-48031-9230
7011E000001JxIi,434,672-32075-1525
7011E000001JxIi,434,672-48529-3000
7011E000001JxIi,434,672-44782-1976
7011E000001JxIi,434,672-25316-2668
7011E000001JxIi,434,672-49915-9385
7011E000001JxIi,434,672-42986-7639
7011E000001JxIi,434,672-40639-5707
7011E000001JxIi,434,672-43307-5939
7011E000001JxIi,434,672-48495-6692
7011E000001JxIi,434,672-44274-3620
7011E000001JxIi,434,672-44313-7018
7011E000001JxIi,434,672-49576-6925
7011E000001JxIi,434,672-49655-2051
7011E000001JxIi,434,672-43572-4534
7011E000001JxIi,434,672-42193-3702
7011E000001JxIi,434,672-42207-7670
7011E000001JxIi,434,672-43175-7603
7011E000001JxIi,434,672-42567-8990
7011E000001JxIi,434,672-42635-9389
7011E000001JxIi,434,672-43461-7028
7011E000001JxIi,434,672-44924-1206
7011E000001JxIi,434,672-45475-5024
7011E000001JxIi,434,672-43005-5535
7011E000001JxIi,434,672-43171-8128
7011E000001JxIi,434,672-48596-2258
7011E000001JxIi,434,672-44017-9504
7011E000001JxIi,434,672-43184-7722
7011E000001JxIi,434,672-40533-6339
7011E000001JxIi,434,672-45382-7784
7011E000001JxIi,434,672-49141-9798
7011E000001JxIi,434,672-43095-4297
7011E000001JxIi,434,672-42948-3207
7011E000001JxIi,434,672-42843-7578
7011E000001JxIi,434,672-43979-8998
7011E000001JxIi,434,672-43013-4084
7011E000001JxIi,434,672-48454-5268
7011E000001JxIi,434,672-36049-8137
7011E000001JxIi,434,672-48517-7674
7011E000001JxIi,434,672-43313-3657
7011E000001JxIi,434,672-43870-3569
7011E000001JxIi,434,672-46405-4532
7011E000001JxIi,434,672-46504-9545
7011E000001JxIi,434,672-50040-3301
7011E000001JxIi,434,672-46443-1300
7011E000001JxIi,434,672-49182-2224
7011E000001JxIi,434,672-48869-1279
7011E000001JxIi,434,672-49326-3977
7011E000001JxIi,434,672-46021-3222
7011E000001JxIi,434,672-43248-4093
7011E000001JxIi,434,672-43445-9758
7011E000001JxIi,434,672-46709-6219
7011E000001JxIi,434,672-36867-9060
7011E000001JxIi,434,672-48045-9841
7011E000001JxIi,434,672-48630-5746
7011E000001JxIi,434,672-43279-5357
7011E000001JxIi,434,672-43114-3256
7011E000001JxIi,434,672-49959-9670
7011E000001JxIi,434,672-35287-5179
7011E000001JxIi,434,672-46690-7094
7011E000001JxIi,434,672-45110-4111
7011E000001JxIi,434,672-50072-5588
7011E000001JxIi,434,672-44787-2202
7011E000001JxIi,434,672-48544-3633
7011E000001JxIi,434,672-42609-1268
7011E000001JxIi,434,672-42601-2683
7011E000001JxIi,434,672-50407-8029
7011E000001JxIi,434,672-46662-5516
7011E000001JxIi,434,672-42403-5273
7011E000001JxIi,434,672-42502-5015
7011E000001JxIi,434,672-41830-2263
7011E000001JxIi,434,672-45109-6038
7011E000001JxIi,434,672-43454-7314
7011E000001JxIi,434,672-44606-5113
7011E000001JxIi,434,672-49572-5767
7011E000001JxIi,434,672-44074-6334
7011E000001JxIi,434,672-46508-2383
7011E000001JxIi,434,672-42677-3767
7011E000001JxIn,435,672-43257-4150
7011E000001JxIn,435,672-44789-4121
7011E000001JxIn,435,672-48783-7811
7011E000001JxIn,435,672-49389-9040
7011E000001JxIn,435,672-50592-2429
7011E000001JxIn,435,672-49369-7035
7011E000001JxIn,435,672-46625-7562
7011E000001JxIn,435,672-49904-1059
7011E000001JxIn,435,672-42948-3207
7011E000001JxIn,435,672-43215-7129
7011E000001JxIn,435,672-36494-1139
7011E000001JxIn,435,672-44270-3080
7011E000001JxIn,435,672-43369-4985
7011E000001JxIn,435,672-42663-8640
7011E000001JxIn,435,672-43032-4930
7011E000001JxIn,435,672-48817-5257
7011E000001JxIn,435,672-36700-7821
7011E000001JxIn,435,672-48601-6289
7011E000001JxIn,435,672-50623-4953
7011E000001JxIn,435,672-43018-7807
7011E000001JxIn,435,672-43217-2898
7011E000001JxIn,435,672-40391-6112
7011E000001JxIn,435,672-49778-5935
7011E000001JxIn,435,672-49844-9242
7011E000001JxIn,435,672-41829-2241
7011E000001JxIn,435,672-44920-9646
7011E000001JxIn,435,672-43311-9147
7011E000001JxIn,435,672-43095-4297
7011E000001JxIn,435,672-48363-1348
7011E000001JxIn,435,672-44274-3620
7011E000001JxIn,435,672-50416-1331
7011E000001JxIn,435,672-43785-1754
7011E000001JxIn,435,672-42591-9868
7011E000001JxIn,435,672-44598-7476
7011E000001JxIn,435,672-45103-4989
7011E000001JxIn,435,672-44924-1206
7011E000001JxIn,435,672-45099-1801
7011E000001JxIn,435,672-45101-7080
7011E000001JxIn,435,672-45355-4707
7011E000001JxIn,435,672-43317-5973
7011E000001JxIn,435,672-49017-9701
7011E000001JxIn,435,672-43980-9588
7011E000001JxIn,435,672-43284-6629
7011E000001JxIn,435,672-42083-2849
7011E000001JxIn,435,672-45243-7448
7011E000001JxIn,435,672-46699-1329
7011E000001JxIn,435,672-44612-7485
7011E000001JxIn,435,672-41993-8029
7011E000001JxIn,435,672-45475-5024
7011E000001JxIn,435,672-46371-8873
7011E000001JxIn,435,672-49925-5706
7011E000001JxIn,435,672-49093-8094
7011E000001JxIn,435,672-36705-9681
7011E000001JxIn,435,672-43970-3680
7011E000001JxIn,435,672-50225-3880
7011E000001JxIn,435,672-46373-2274
7011E000001JxIn,435,672-42196-2702
7011E000001JxIn,435,672-43006-6150
7011E000001JxIn,435,672-42593-1302
7011E000001JxIn,435,672-37113-1393
7011E000001JxIn,435,672-37121-7557
7011E000001JxIn,435,672-41970-4202
7011E000001JxIn,435,672-48236-3903
7011E000001JxIn,435,672-43276-2932
7011E000001JxIn,435,672-36455-4540
7011E000001JxIn,435,672-43180-5216
7011E000001JxIn,435,672-38097-6284
7011E000001JxIn,435,672-50383-1860
7011E000001JxIn,435,672-46732-4055
7011E000001JxIn,435,672-29985-6209
7011E000001JxIn,435,672-48039-5471
7011E000001JxIn,435,672-36867-9060
7011E000001JxIn,435,672-43241-3312
7011E000001JxIn,435,672-42839-4464
7011E000001JxIn,435,672-33495-1616
7011E000001JxIn,435,672-43315-6924
7011E000001JxIn,435,672-40363-5888
7011E000001JxIn,435,672-43340-2220
7011E000001JxIn,435,672-42130-6933
7011E000001JxIn,435,672-50588-9280
7011E000001JxIn,435,672-49408-3118
7011E000001JxIn,435,672-42796-9200
7011E000001JxIn,435,672-40989-5456
7011E000001JxIn,435,672-42623-9248
7011E000001JxIn,435,672-49080-4158
7011E000001JxIn,435,672-43155-4611
7011E000001JxIn,435,672-45577-4041
7011E000001JxIn,435,672-42086-3783
7011E000001JxIn,435,672-48505-6445
7011E000001JxIn,435,672-49698-1790
7011E000001JxIn,435,672-43034-9317
7011E000001JxIn,435,672-48712-4521
7011E000001JxIn,435,672-43279-5357
7011E000001JxIn,435,672-42589-6393
7011E000001JxIn,435,672-46522-9395
7011E000001JxIn,435,672-36465-1619
7011E000001JxIn,435,672-50261-1053
7011E000001JxIn,435,672-46301-5579
7011E000001JxIn,435,672-33584-4132
7011E000001JxIn,435,672-43438-1083
7011E000001JxIn,435,672-46288-3777
7011E000001JxIn,435,672-43024-4570
7011E000001JxIn,435,672-41920-9964
7011E000001JxIn,435,672-42477-5200
7011E000001JxIs,436,672-32290-5292
7011E000001JxIs,436,672-48495-6692
7011E000001JxIs,436,672-43226-1046
7011E000001JxIs,436,672-45046-9605
7011E000001JxIs,436,672-44404-4464
7011E000001JxIs,436,672-49959-9670
7011E000001JxIs,436,672-46593-9535
7011E000001JxIs,436,672-49968-9982
7011E000001JxIs,436,672-43018-7807
7011E000001JxIs,436,672-25316-2668
7011E000001JxIs,436,672-49409-6868
7011E000001JxIs,436,672-42993-4639
7011E000001JxIs,436,672-48147-5189
7011E000001JxIs,436,672-43311-9147
7011E000001JxIs,436,672-36607-4117
7011E000001JxIs,436,672-44425-7136
7011E000001JxIs,436,672-43860-6971
7011E000001JxIs,436,672-44252-9442
7011E000001JxIs,436,672-40631-7491
7011E000001JxIs,436,672-40865-8000
7011E000001JxIs,436,672-44012-7477
7011E000001JxIs,436,672-46174-6087
7011E000001JxIs,436,672-48503-8404
7011E000001JxIs,436,672-44313-7018
7011E000001JxIs,436,672-51105-6282
7011E000001JxIs,436,672-42402-7275
7011E000001JxIs,436,672-49694-5312
7011E000001JxIs,436,672-45103-4989
7011E000001JxIs,436,672-43275-8243
7011E000001JxIs,436,672-48168-5172
7011E000001JxIs,436,672-43297-8980
7011E000001JxIs,436,672-42600-5974
7011E000001JxIs,436,672-45425-5909
7011E000001JxIs,436,672-45546-3356
7011E000001JxIs,436,672-46689-4188
7011E000001JxIs,436,672-49408-3118
7011E000001JxIs,436,672-50216-3647
7011E000001JxIs,436,672-44141-2982
7011E000001JxIs,436,672-42586-3800
7011E000001JxIs,436,672-42948-3207
7011E000001JxIs,436,672-47991-9914
7011E000001JxIs,436,672-42477-5200
7011E000001JxIs,436,672-41920-9964
7011E000001JxIs,436,672-43004-9042
7011E000001JxIs,436,672-48792-8558
7011E000001JxIs,436,672-43118-8109
7011E000001JxIs,436,672-43776-6371
7011E000001JxIs,436,672-48040-3295
7011E000001JxIs,436,672-46709-6219
7011E000001JxIs,436,672-46644-1175
7011E000001JxIs,436,672-43981-4588
7011E000001JxIs,436,672-43101-1454
7011E000001JxIs,436,672-41625-8814
7011E000001JxIs,436,672-48363-1348
7011E000001JxIs,436,672-38416-2951
7011E000001JxIs,436,672-46699-1329
7011E000001JxIs,436,672-43283-3768
7011E000001JxIs,436,672-43022-2986
7011E000001JxIs,436,672-46700-7916
7011E000001JxIs,436,672-50622-4223
7011E000001JxIs,436,672-46639-7530
7011E000001JxIs,436,672-40551-6516
7011E000001JxIs,436,672-43548-2193
7011E000001JxIs,436,672-43263-6343
7011E000001JxIs,436,672-49709-4368
7011E000001JxIs,436,672-50531-1113
7011E000001JxIs,436,672-49769-8951
7011E000001JxIs,436,672-45034-6565
7011E000001JxIs,436,672-42728-4436
7011E000001JxIs,436,672-32182-2587
7011E000001JxIs,436,672-35453-8997
7011E000001JxIs,436,672-44297-1533
7011E000001JxIs,436,672-44598-7476
7011E000001JxIs,436,672-46574-5814
7011E000001JxIs,436,672-50627-3231
7011E000001JxIs,436,672-43563-5806
7011E000001JxIs,436,672-44504-4317
7011E000001JxIs,436,672-46676-4224
7011E000001JxIs,436,672-45126-6961
7011E000001JxIs,436,672-36602-2714
7011E000001JxIs,436,672-40646-5149
7011E000001JxIs,436,672-43287-1688
7011E000001JxIs,436,672-49050-2244
7011E000001JxIs,436,672-43233-9289
7011E000001JxIs,436,672-50445-4184
7011E000001JxIs,436,672-46157-3477
7011E000001JxIs,436,672-45232-2974
7011E000001JxIs,436,672-42868-9926
7011E000001JxIs,436,672-45485-5149
7011E000001JxIs,436,672-43167-9371
7011E000001JxIs,436,672-42974-2724
7011E000001JxIs,436,672-42207-7670
7011E000001JxIs,436,672-42211-6830
7011E000001JxIs,436,672-49493-8484
7011E000001JxIs,436,672-49017-9701
7011E000001JxIs,436,672-43111-1578
7011E000001JxIs,436,672-43293-1087
7011E000001JxIs,436,672-48267-4105
7011E000001JxIs,436,672-42358-2909
7011E000001JxIs,436,672-49093-8094
7011E000001JxIs,436,672-33634-6359
7011E000001JxIs,436,672-44017-9504
7011E000001JxIs,436,672-43300-7476
7011E000001JxIs,436,672-48136-3776
7011E000001JxIs,436,672-43376-3951
7011E000001JxIs,436,672-46031-9027
7011E000001JxIs,436,672-46743-6493
7011E000001JxIs,436,672-35259-6639
7011E000001JxIs,436,672-26534-5275
7011E000001JxIx,436,672-48843-2475
7011E000001JxIx,436,672-50394-7987
7011E000001JxIx,436,672-50531-1113
7011E000001JxIx,436,672-50530-3922
7011E000001JxIx,436,672-48707-4398
7011E000001JxIx,436,672-43294-1838
7011E000001JxIx,436,672-49174-3431
7011E000001JxIx,436,672-40552-4249
7011E000001JxIx,436,672-41271-6247
7011E000001JxIx,436,672-32182-2587
7011E000001JxIx,436,672-41120-8710
7011E000001JxIx,436,672-49901-3491
7011E000001JxIx,436,672-42655-6665
7011E000001JxIx,436,672-45636-9224
7011E000001JxIx,436,672-44078-4568
7011E000001JxIx,436,672-48854-7437
7011E000001JxIx,436,672-49683-4764
7011E000001JxIx,436,672-43157-8498
7011E000001JxIx,436,672-46329-7053
7011E000001JxIx,436,672-50216-3647
7011E000001JxIx,436,672-46613-9133
7011E000001JxIx,436,672-42728-4436
7011E000001JxIx,436,672-51021-6146
7011E000001JxIx,436,672-48819-4886
7011E000001JxIx,436,672-42988-3314
7011E000001JxIx,436,672-42989-5304
7011E000001JxIx,436,672-43008-1900
7011E000001JxIx,436,672-31863-5685
7011E000001JxIx,436,672-40452-6987
7011E000001JxIx,436,672-33575-3963
7011E000001JxIx,436,672-46030-2937
7011E000001JxIx,436,672-46469-5502
7011E000001JxIx,436,672-42867-9343
7011E000001JxIx,436,672-41920-9964
7011E000001JxIx,436,672-40535-1142
7011E000001JxIx,436,672-42862-3245
7011E000001JxIx,436,672-43191-2454
7011E000001JxIx,436,672-43127-6545
7011E000001JxIx,436,672-42380-5356
7011E000001JxIx,436,672-40661-8096
7011E000001JxIx,436,672-43209-2378
7011E000001JxIx,436,672-43291-3722
7011E000001JxIx,436,672-35453-8997
7011E000001JxIx,436,672-48875-2639
7011E000001JxIx,436,672-43063-7938
7011E000001JxIx,436,672-43588-4709
7011E000001JxIx,436,672-48039-5471
7011E000001JxIx,436,672-46179-2158
7011E000001JxIx,436,672-43467-2626
7011E000001JxIx,436,672-50097-2581
7011E000001JxIx,436,672-50623-4953
7011E000001JxIx,436,672-43791-5147
7011E000001JxIx,436,672-48274-9131
7011E000001JxIx,436,672-49521-3236
7011E000001JxIx,436,672-36049-8137
7011E000001JxIx,436,672-46038-3014
7011E000001JxIx,436,672-43217-2898
7011E000001JxIx,436,672-46593-9535
7011E000001JxIx,436,672-48493-8140
7011E000001JxIx,436,672-48161-4805
7011E000001JxIx,436,672-43126-6424
7011E000001JxIx,436,672-46689-4188
7011E000001JxIx,436,672-40639-5707
7011E000001JxIx,436,672-44612-7485
7011E000001JxIx,436,672-42822-3361
7011E000001JxIx,436,672-40646-5149
7011E000001JxIx,436,672-33602-5163
7011E000001JxIx,436,672-38459-2995
7011E000001JxIx,436,672-40073-8237
7011E000001JxIx,436,672-42836-9035
7011E000001JxIx,436,672-42773-5452
7011E000001JxIx,436,672-42401-1747
7011E000001JxIx,436,672-43116-2666
7011E000001JxIx,436,672-43111-1578
7011E000001JxIx,436,672-43788-2825
7011E000001JxIx,436,672-43101-1454
7011E000001JxIx,436,672-45249-2592
7011E000001JxIx,436,672-50116-5525
7011E000001JxIx,436,672-45425-5909
7011E000001JxIx,436,672-48792-8558
7011E000001JxIx,436,672-45546-3356
7011E000001JxIx,436,672-43129-9461
7011E000001JxIx,436,672-43108-8582
7011E000001JxIx,436,672-44902-4258
7011E000001JxIx,436,672-41216-5866
7011E000001JxIx,436,672-42589-6393
7011E000001JxIx,436,672-40252-8338
7011E000001JxIx,436,672-45996-8467
7011E000001JxIx,436,672-49408-3118
7011E000001JxIx,436,672-46288-3777
7011E000001JxJ7,439,672-33575-3963
7011E000001JxJ7,439,672-40262-1688
7011E000001JxJ7,439,672-44463-5833
7011E000001JxJ7,439,672-41805-1848
7011E000001JxJ7,439,672-45921-9211
7011E000001JxJ7,439,672-42351-4506
7011E000001JxJ7,439,672-49676-7179
7011E000001JxJ7,439,672-44919-9377
7011E000001JxJ7,439,672-43850-5374
7011E000001JxJ7,439,672-49603-8978
7011E000001JxJ7,439,672-41966-7554
7011E000001JxJ7,439,672-46733-2466
7011E000001JxJ7,439,672-45366-3629
7011E000001JxJ7,439,672-49521-3236
7011E000001JxJ7,439,672-49572-5767
7011E000001JxJ7,439,672-43297-8980
7011E000001JxJ7,439,672-44915-7861
7011E000001JxJ7,439,672-50282-9441
7011E000001JxJ7,439,672-49977-4268
7011E000001JxJ7,439,672-35466-8154
7011E000001JxJ7,439,672-50372-3731
7011E000001JxJ7,439,672-43059-9703
7011E000001JxJ7,439,672-27389-6080
7011E000001JxJ7,439,672-46157-3477
7011E000001JxJ7,439,672-46688-6745
7011E000001JxJ7,439,672-48596-2258
7011E000001JxJ7,439,672-50393-5431
7011E000001JxJ7,439,672-43015-4750
7011E000001JxJ7,439,672-43010-2400
7011E000001JxJ7,439,672-49568-4679
7011E000001JxJ7,439,672-43277-1826
7011E000001JxJ7,439,672-43275-8243
7011E000001JxJ7,439,672-38098-4934
7011E000001JxJ7,439,672-49397-1006
7011E000001JxJ7,439,672-49290-6740
7011E000001JxJ7,439,672-49180-6994
7011E000001JxJ7,439,672-41090-8455
7011E000001JxJ7,439,672-49185-7216
7011E000001JxJ7,439,672-49182-2224
7011E000001JxJ7,439,672-42380-5356
7011E000001JxJ7,439,672-26391-2705
7011E000001JxJ7,439,672-49141-9798
7011E000001JxJ7,439,672-44420-9509
7011E000001JxJ7,439,672-44275-9382
7011E000001JxJ7,439,672-46456-5444
7011E000001JxJ7,439,672-49685-1258
7011E000001JxJ7,439,672-48297-4026
7011E000001JxJ7,439,672-46667-7664
7011E000001JxJ7,439,672-43004-9042
7011E000001JxJ7,439,672-42773-5452
7011E000001JxJ7,439,672-42870-8085
7011E000001JxJ7,439,672-46351-7827
7011E000001JxJ7,439,672-50072-5588
7011E000001JxJ7,439,672-30356-9103
7011E000001JxJ7,439,672-48040-3295
7011E000001JxJ7,439,672-51081-4165
7011E000001JxJ7,439,672-45819-8562
7011E000001JxJ7,439,672-46359-9968
7011E000001JxJ7,439,672-46692-5321
7011E000001JxJ7,439,672-43134-7890
7011E000001JxJ7,439,672-48605-6199
7011E000001JxJ7,439,672-48168-5172
7011E000001JxJ7,439,672-44787-2202
7011E000001JxJ7,439,672-49918-2787
7011E000001JxJ7,439,672-46151-9444
7011E000001JxJ7,439,672-36457-6444
7011E000001JxJ7,439,672-42986-7639
7011E000001JxJ7,439,672-42403-5273
7011E000001JxJ7,439,672-27523-3758
7011E000001JxJ7,439,672-27529-1624
7011E000001JxJ7,439,672-45425-5909
7011E000001JxJ7,439,672-48792-8558
7011E000001JxJ7,439,672-45996-8467
7011E000001JxJ7,439,672-44781-2710
7011E000001JxJ7,439,672-50216-3647
7011E000001JxJ7,439,672-46728-4385
7011E000001JxJ7,439,672-43262-2314
7011E000001JxJ7,439,672-36603-3497
7011E000001JxJ7,439,672-43019-3542
7011E000001JxJ7,439,672-49769-8951
7011E000001JxJ7,439,672-48347-5913
7011E000001JxJ7,439,672-42675-5418
7011E000001JxJ7,439,672-45250-8782
7011E000001JxJ7,439,672-41093-6766
7011E000001JxJ7,439,672-43263-6343
7011E000001JxJ7,439,672-48972-1357
7011E000001JxJ7,439,672-40791-7140
7011E000001JxJ7,439,672-40217-1504
7011E000001JxJ7,439,672-37983-6223
7011E000001JxJ7,439,672-49694-5312
7011E000001JxJ7,439,672-43274-9941
7011E000001JxJ7,439,672-44386-7932
7011E000001JxJ7,439,672-44796-6653
7011E000001JxJ7,439,672-46457-3246
7011E000001JxJ7,439,672-43555-2742
7011E000001JxJ7,439,672-43222-9467
7011E000001JxJ7,439,672-43167-9371
7011E000001JxJ7,439,672-43146-7270
7011E000001JxJ7,439,672-42990-7820
7011E000001JxJ7,439,672-43287-1688
7011E000001JxJ7,439,672-48355-3364
7011E000001JxJ7,439,672-40661-8096
7011E000001JxJ7,439,672-49896-1641
7011E000001JxJ7,439,672-32075-1525
7011E000001JxJ7,439,672-49683-4764
7011E000001JxJ7,439,672-46469-5502
7011E000001JxJ7,439,672-36864-6939
7011E000001JxJ7,439,672-42867-9343
7011E000001JxJ7,439,672-43302-5060
7011E000001JxJ7,439,672-44012-7477
7011E000001JxJ7,439,672-43953-5989
7011E000001JxJ7,439,672-46574-5814
7011E000001JxJ7,439,672-44926-6454
7011E000001JxJ7,439,672-43796-6060
7011E000001JxJ7,439,672-42509-5176
7011E000001JxJ7,439,672-46443-1300
7011E000001JxJ7,439,672-48011-9000
7011E000001JxJ7,439,672-49058-3023
7011E000001JxJ7,439,672-43776-6371
7011E000001JxJ7,439,672-50272-2409
7011E000001JxJ7,439,672-43338-2338
7011E000001JxJ7,439,672-43035-8492
7011E000001JxJ7,439,672-48309-2588
7011E000001JxJ7,439,672-43766-6274
7011E000001JxJ7,439,672-41722-1349
7011E000001JxJ7,439,672-42702-1939
7011E000001JxJ7,439,672-43175-7603
7011E000001JxJ7,439,672-46048-4962
7011E000001JxJ7,439,672-41625-8814
7011E000001JxJ7,439,672-35441-9042
7011E000001JxJ7,439,672-42389-8526
7011E000001JxJ7,439,672-40632-3290
7011E000001JxJ7,439,672-42687-7712
7011E000001JxJ7,439,672-32311-5952
7011E000001JxJ7,439,672-48258-5306
7011E000001JxJ7,439,672-49985-3392
7011E000001JxJ7,439,672-49674-7026
7011E000001JxJ7,439,672-45491-2819
7011E000001JxJ7,439,672-40865-8000
7011E000001JxJ7,439,672-45082-3326
7011E000001JxJ7,439,672-43319-8941
7011E000001JxJ7,439,672-48246-8540
7011E000001JxJ7,439,672-42619-9918
7011E000001JxJ7,439,672-42620-2051
7011E000001JxJ7,439,672-44286-4611
7011E000001JxJ7,439,672-46444-7221
7011E000001JxJ7,439,672-33602-5163
7011E000001JxJ7,439,672-45500-6967
7011E000001JxJ7,439,672-45943-6159
7011E000001JxJ7,439,672-45546-3356
7011E000001JxJC,440,672-48843-2475
7011E000001JxJC,440,672-43096-4251
7011E000001JxJC,440,672-46461-7662
7011E000001JxJC,440,672-36468-3818
7011E000001JxJC,440,672-43191-2454
7011E000001JxJC,440,672-46026-1930
7011E000001JxJC,440,672-40791-7140
7011E000001JxJC,440,672-48272-7410
7011E000001JxJC,440,672-44134-2542
7011E000001JxJC,440,672-48869-1279
7011E000001JxJC,440,672-46728-4385
7011E000001JxJC,440,672-36049-8137
7011E000001JxJC,440,672-25486-5419
7011E000001JxJC,440,672-49338-3212
7011E000001JxJC,440,672-46048-4962
7011E000001JxJC,440,672-51017-9121
7011E000001JxJC,440,672-49177-3265
7011E000001JxJC,440,672-44902-4258
7011E000001JxJC,440,672-43533-4897
7011E000001JxJC,440,672-42623-9248
7011E000001JxJC,440,672-43222-9467
7011E000001JxJC,440,672-42982-7306
7011E000001JxJC,440,672-42391-5789
7011E000001JxJC,440,672-46667-7664
7011E000001JxJC,440,672-40631-7491
7011E000001JxJC,440,672-45499-3518
7011E000001JxJC,440,672-44078-4568
7011E000001JxJC,440,672-43209-2378
7011E000001JxJC,440,672-44897-2167
7011E000001JxJC,440,672-50967-1226
7011E000001JxJC,440,672-48347-5913
7011E000001JxJC,440,672-42675-5418
7011E000001JxJC,440,672-44929-4953
7011E000001JxJC,440,672-50040-3301
7011E000001JxJC,440,672-43309-7965
7011E000001JxJC,440,672-45575-9756
7011E000001JxJC,440,672-44275-9382
7011E000001JxJC,440,672-50940-1843
7011E000001JxJC,440,672-36507-9087
7011E000001JxJC,440,672-46181-5627
7011E000001JxJC,440,672-43158-4556
7011E000001JxJC,440,672-50567-5513
7011E000001JxJC,440,672-42839-4464
7011E000001JxJC,440,672-43183-7980
7011E000001JxJC,440,672-43319-8941
7011E000001JxJC,440,672-48031-9230
7011E000001JxJC,440,672-48275-2871
7011E000001JxJC,440,672-48276-4042
7011E000001JxJC,440,672-44180-9177
7011E000001JxJC,440,672-49185-7216
7011E000001JxJC,440,672-33595-8880
7011E000001JxJC,440,672-46371-8873
7011E000001JxJC,440,672-46662-5516
7011E000001JxJC,440,672-35280-3771
7011E000001JxJC,440,672-33355-5104
7011E000001JxJC,440,672-48707-4398
7011E000001JxJC,440,672-51021-6146
7011E000001JxJC,440,672-49418-3518
7011E000001JxJC,440,672-42976-8957
7011E000001JxJC,440,672-35442-8209
7011E000001JxJC,440,672-42627-5865
7011E000001JxJC,440,672-43129-9461
7011E000001JxJC,440,672-42624-5158
7011E000001JxJC,440,672-42677-3767
7011E000001JxJC,440,672-43273-6624
7011E000001JxJC,440,672-41271-6247
7011E000001JxJC,440,672-43791-5147
7011E000001JxJC,440,672-44899-5701
7011E000001JxJC,440,672-48544-3633
7011E000001JxJM,442,672-49561-6629
7011E000001JxJM,442,672-43170-4442
7011E000001JxJM,442,672-46180-5790
7011E000001JxJM,442,672-44595-5685
7011E000001JxJM,442,672-43256-7668
7011E000001JxJM,442,672-45886-6603
7011E000001JxJM,442,672-49049-7439
7011E000001JxJM,442,672-44386-7932
7011E000001JxJM,442,672-43297-8980
7011E000001JxJM,442,672-49985-3392
7011E000001JxJM,442,672-49977-4268
7011E000001JxJM,442,672-48309-2588
7011E000001JxJM,442,672-44387-7037
7011E000001JxJM,442,672-41343-9587
7011E000001JxJM,442,672-48469-6367
7011E000001JxJM,442,672-36453-1229
7011E000001JxJM,442,672-44411-9584
7011E000001JxJM,442,672-37117-5087
7011E000001JxJM,442,672-46573-2107
7011E000001JxJM,442,672-46253-8926
7011E000001JxJM,442,672-42680-5917
7011E000001JxJM,442,672-44897-2167
7011E000001JxJM,442,672-42843-7578
7011E000001JxJM,442,672-43111-1578
7011E000001JxJM,442,672-43563-5806
7011E000001JxJM,442,672-43194-9224
7011E000001JxJM,442,672-49917-2737
7011E000001JxJR,443,672-48843-2475
7011E000001JxJR,443,672-45485-5149
7011E000001JxJR,443,672-43035-8492
7011E000001JxJR,443,672-49684-2925
7011E000001JxJR,443,672-43148-4585
7011E000001JxJR,443,672-43221-3090
7011E000001JxJR,443,672-42701-8376
7011E000001JxJR,443,672-48044-2569
7011E000001JxJR,443,672-49219-1294
7011E000001JxJR,443,672-48977-3461
7011E000001JxJR,443,672-42982-7306
7011E000001JxJR,443,672-42391-5789
7011E000001JxJR,443,672-45249-2592
7011E000001JxJR,443,672-36611-5067
7011E000001JxJR,443,672-43233-9289
7011E000001JxJR,443,672-36453-1229
7011E000001JxJR,443,672-43791-5147
7011E000001JxJR,443,672-45340-7904
7011E000001JxJR,443,672-43170-4442
7011E000001JxJR,443,672-42077-3620
7011E000001JxJR,443,672-43550-2059
7011E000001JxJR,443,672-42868-9926
7011E000001JxJR,443,672-49561-6629
7011E000001JxJR,443,672-40646-5149
7011E000001JxJR,443,672-43111-1578
7011E000001JxJR,443,672-42976-8957
7011E000001JxJR,443,672-43235-2453
7011E000001JxJR,443,672-45109-6038
7011E000001JxJR,443,672-45110-4111
7011E000001JxJR,443,672-49708-5786
7011E000001JxJR,443,672-43264-6708
7011E000001JxJR,443,672-44074-6334
7011E000001JxJR,443,672-45344-5731
7011E000001JxJR,443,672-49697-8829
7011E000001JxJR,443,672-50222-2745
7011E000001JxJR,443,672-43174-5848
7011E000001JxJR,443,672-44871-5174
7011E000001JxJR,443,672-40631-7491
7011E000001JxJR,443,672-49213-4743
7011E000001JxJR,443,672-48521-3847
7011E000001JxJR,443,672-42974-2724
7011E000001JxJR,443,672-43354-5870
7011E000001JxJR,443,672-40313-7808
7011E000001JxJR,443,672-46323-9624
7011E000001JxJR,443,672-43298-2794
7011E000001JxJR,443,672-50574-1736
7011E000001JxJR,443,672-45886-6603
7011E000001JxJR,443,672-33340-3407
7011E000001JxJR,443,672-42843-7578
7011E000001JxJl,445,672-43104-1288
7011E000001JxJl,445,672-45917-9724
7011E000001JxJl,445,672-42089-3485
7011E000001JxJl,445,672-42651-9695
7011E000001JxJl,445,672-45483-6058
7011E000001JxJl,445,672-48407-4679
7011E000001JxJl,445,672-48532-5276
7011E000001JxJl,445,672-46469-5502
7011E000001JxJl,445,672-41099-5480
7011E000001JxJl,445,672-46031-9027
7011E000001JxJl,445,672-43468-8843
7011E000001JxJl,445,672-49672-5115
7011E000001JxJl,445,672-43794-9984
7011E000001JxJl,445,672-49082-7252
7011E000001JxJl,445,672-43766-6274
7011E000001JxJl,445,672-25486-5419
7011E000001JxJl,445,672-45499-3518
7011E000001JxJl,445,672-44925-8302
7011E000001JxJl,445,672-43008-1900
7011E000001JxJl,445,672-45025-8113
7011E000001JxJl,445,672-43160-9111
7011E000001JxJl,445,672-50566-9841
7011E000001JxJl,445,672-45128-4657
7011E000001JxJl,445,672-45232-2974
7011E000001JxJl,445,672-40179-2288
7011E000001JxJl,445,672-49852-3892
7011E000001JxJl,445,672-43831-8996
7011E000001JxJl,445,672-43287-1688
7011E000001JxJl,445,672-35265-5533
7011E000001JxJl,445,672-44896-9814
7011E000001JxJl,445,672-42794-3050
7011E000001JxJl,445,672-46473-2040
7011E000001JxJl,445,672-43222-9467
7011E000001JxJl,445,672-45082-3326
7011E000001JxJl,445,672-46206-2610
7011E000001JxJl,445,672-43354-5870
7011E000001JxJl,445,672-46351-7827
7011E000001JxJl,445,672-46443-1300
7011E000001JxJl,445,672-49959-9670
7011E000001JxJl,445,672-42796-9200
7011E000001JxJl,445,672-36603-3497
7011E000001JxJl,445,672-46045-4708
7011E000001JxJl,445,672-51384-9786
7011E000001JxJl,445,672-42361-2387
7011E000001JxJl,445,672-46571-9544
7011E000001JxJl,445,672-51021-6146
7011E000001JxJl,445,672-48161-4805
7011E000001JxJl,445,672-43847-8911
7011E000001JxJl,445,672-45363-3726
7011E000001JxJl,445,672-45241-7615
7011E000001JxJl,445,672-44277-3731
7011E000001JxJl,445,672-35259-6639
7011E000001JxJl,445,672-43151-3721
7011E000001JxJl,445,672-43310-6993
7011E000001JxJl,445,672-42773-5452
7011E000001JxJl,445,672-50592-2429
7011E000001JxJl,445,672-49702-3746
7011E000001JxJl,445,672-36509-2185
7011E000001JxJl,445,672-46589-4042
7011E000001JxJl,445,672-43059-9703
7011E000001JxJl,445,672-43966-5074
7011E000001JxJl,445,672-46623-7707
7011E000001JxJl,445,672-45632-9578
7011E000001JxJl,445,672-44074-6334
7011E000001JxJl,445,672-43134-7890
7011E000001JxJl,445,672-43264-6708
7011E000001JxJl,445,672-40073-8237
7011E000001JxJl,445,672-43268-7613
7011E000001JxJl,445,672-43290-1250
7011E000001JxJl,445,672-43293-1087
7011E000001JxJl,445,672-45915-7037
7011E000001JxJl,445,672-49387-8303
7011E000001JxJl,445,672-50158-9791
7011E000001JxJl,445,672-40072-2896
7011E000001JxJl,445,672-40102-7839
7011E000001JxJl,445,672-48762-2685
7011E000001JxJl,445,672-42619-9918
7011E000001JxJl,445,672-38459-2995
7011E000001JxJl,445,672-43153-9734
7011E000001JxJl,445,672-38416-2951
7011E000001JxJl,445,672-36864-6939
7011E000001JxJl,445,672-46603-7442
7011E000001JxJl,445,672-40632-3290
7011E000001JxJl,445,672-45925-6921
7011E000001JxJl,445,672-43981-4588
7011E000001JxJl,445,672-44787-2202
7011E000001JxJl,445,672-42389-8526
7011E000001JxJl,445,672-48153-4189
7011E000001JxJl,445,672-37991-2550
7011E000001JxJl,445,672-30350-4334
7011E000001JxJl,445,672-46466-2309
7011E000001JxJl,445,672-50216-3647
7011E000001JxJl,445,672-43871-6554
7011E000001JxJl,445,672-48854-7437
7011E000001JxJl,445,672-44905-9839
7011E000001JxJl,445,672-48040-3295
7011E000001JxJl,445,672-49787-9454
7011E000001JxJl,445,672-49394-4873
7011E000001JxJl,445,672-42620-2051
7011E000001JxJl,445,672-49413-3700
7011E000001JxJl,445,672-48961-9201
7011E000001JxJl,445,672-46692-5321
7011E000001JxJv,446,672-48843-2475
7011E000001JxJv,446,672-48875-2639
7011E000001JxJv,446,672-44792-8984
7011E000001JxJv,446,672-51392-5382
7011E000001JxJv,446,672-48277-2915
7011E000001JxJv,446,672-45128-4657
7011E000001JxJv,446,672-49792-1790
7011E000001JxJv,446,672-49177-3265
7011E000001JxJv,446,672-49409-6868
7011E000001JxJv,446,672-41272-8278
7011E000001JxJv,446,672-46743-6493
7011E000001JxJv,446,672-36481-9751
7011E000001JxJv,446,672-48390-3526
7011E000001JxJv,446,672-40405-5057
7011E000001JxJv,446,672-49794-4602
7011E000001JxJv,446,672-49676-7179
7011E000001JxJv,446,672-45225-9607
7011E000001JxJv,446,672-48054-8537
7011E000001JxJv,446,672-44783-8499
7011E000001JxJv,446,672-43850-5374
7011E000001JxJv,446,672-49901-3491
7011E000001JxJv,446,672-42796-9200
7011E000001JxJv,446,672-42794-3050
7011E000001JxJv,446,672-48046-4324
7011E000001JxJv,446,672-49057-8578
7011E000001JxJv,446,672-32300-9657
7011E000001JxJv,446,672-43235-2453
7011E000001JxJv,446,672-46444-7221
7011E000001JxJv,446,672-46594-2403
7011E000001JxJv,446,672-50567-5513
7011E000001JxJv,446,672-43835-8251
7011E000001JxJv,446,672-43025-6800
7011E000001JxJv,446,672-49568-4679
7011E000001JxJv,446,672-45892-8193
7011E000001JxJv,446,672-44141-2982
7011E000001JxJv,446,672-40465-8496
7011E000001JxJv,446,672-46570-8152
7011E000001JxJv,446,672-50588-9280
7011E000001JxJv,446,672-43776-6371
7011E000001JxJv,446,672-44899-5701
7011E000001JxJv,446,672-49904-1059
7011E000001JxJv,446,672-45126-6961
7011E000001JxJv,446,672-46102-1180
7011E000001JxJv,446,672-43268-7613
7011E000001JxJv,446,672-42482-5301
7011E000001JxJv,446,672-43160-9111
7011E000001JxJv,446,672-43011-3461
7011E000001JxJv,446,672-48168-5172
7011E000001JxJv,446,672-41805-1848
7011E000001JxJv,446,672-41213-2143
7011E000001JxJv,446,672-51390-6909
7011E000001JxJv,446,672-45034-6565
7011E000001JxJv,446,672-38416-2951
7011E000001JxJv,446,672-48783-7811
7011E000001JxJv,446,672-42509-5176
7011E000001JxJv,446,672-44504-4317
7011E000001JxJv,446,672-49082-7252
7011E000001JxJv,446,672-42701-8376
7011E000001JxJv,446,672-49918-2787
7011E000001JxJv,446,672-46676-4224
7011E000001JxJv,446,672-48955-8526
7011E000001JxJv,446,672-45103-4989
7011E000001JxJv,446,672-44404-4464
7011E000001JxJv,446,672-43290-1250
7011E000001JxJv,446,672-43115-4280
7011E000001JxJv,446,672-42389-8526
7011E000001JxJv,446,672-48153-4189
7011E000001JxJv,446,672-49672-5115
7011E000001JxJv,446,672-40632-3290
7011E000001JxJv,446,672-42591-9868
7011E000001JxJv,446,672-50574-1736
7011E000001JxJv,446,672-43831-8996
7011E000001JxJv,446,672-36509-2185
7011E000001JxJv,446,672-49852-3892
7011E000001JxJv,446,672-45082-3326
7011E000001JxJv,446,672-45915-7037
7011E000001JxJv,446,672-37991-2550
7011E000001JxJv,446,672-48040-3295
7011E000001JxJv,446,672-43151-3721
7011E000001JxJv,446,672-44925-8302
7011E000001JxJv,446,672-45917-9724
7011E000001JxJv,446,672-45632-9578
7011E000001JxJv,446,672-40179-2288
7011E000001JxJv,446,672-49702-3746
7011E000001JxJv,446,672-50592-2429
7011E000001JxJv,446,672-49394-4873
7011E000001JxJv,446,672-44896-9814
7011E000001JxJv,446,672-44425-7136
7011E000001JxJv,446,672-48532-5276
7011E000001JxJv,446,672-48762-2685
7011E000001JxJv,446,672-43871-6554
7011E000001JxJv,446,672-40102-7839
7011E000001JxJv,446,672-48961-9201
7011E000001JxJv,446,672-46351-7827
7011E000001JxJv,446,672-44905-9839
7011E000001JxJv,446,672-44481-2112
7011E000001JxJv,446,672-46045-4708
7011E000001JxJv,446,672-50416-1331
7011E000001JxJv,446,672-48006-1438
7011E000001JxJv,446,672-48002-6724
7011E000001JxJv,446,672-48407-4679
7011E000001JxJv,446,672-43981-4588
7011E000001JxJv,446,672-49655-2051
7011E000001JxJv,446,672-48505-6445
7011E000001JxJv,446,672-46589-4042
7011E000001JxJv,446,672-49068-4500
7011E000001JxJv,446,672-49833-9618
7011E000001JxJv,446,672-49661-9343
7011E000001JxJv,446,672-43128-9724
7011E000001JxJv,446,672-43263-6343
7011E000001JxJv,446,672-43376-3951
7011E000001JxJv,446,672-43282-6566
7011E000001JxJv,446,672-42214-7998
