Registration Session Status,RegCode,Instance Code,InstanceID
Attended,672-45880-2816,7011E000001FjaQ_419,419
Attended,672-43312-6865,7011E000001FjaQ_420,419
Attended,672-42854-4063,7011E000001FjaQ_421,419
Attended,672-42148-9455,7011E000001FjaQ_422,419
Attended,672-48601-6289,7011E000001FjaQ_423,419
Attended,672-36494-1139,7011E000001FjaQ_424,419
Attended,672-43157-8498,7011E000001FjaQ_425,419
Attended,672-32075-1525,7011E000001FjaQ_426,419
Attended,672-46344-6241,7011E000001FjaQ_427,419
Attended,672-49326-3977,7011E000001FjaQ_428,419
Attended,672-46015-1244,7011E000001FjaQ_429,419
Attended,672-42868-9926,7011E000001FjaQ_430,419
Attended,672-44282-7730,7011E000001FjaQ_431,419
Attended,672-46468-5469,7011E000001FjaQ_432,419
Attended,672-45819-8562,7011E000001FjaQ_433,419
Attended,672-44079-2883,7011E000001FjaQ_434,419
Attended,672-43297-8980,7011E000001FjaQ_435,419
Attended,672-42684-5412,7011E000001FjaQ_436,419
Attended,672-42867-9343,7011E000001FjaQ_437,419
Attended,672-43256-7668,7011E000001FjaQ_438,419
Attended,672-43115-4280,7011E000001FjaQ_439,419
Attended,672-35290-5778,7011E000001FjaQ_440,419
Attended,672-46337-8098,7011E000001FjaQ_441,419
Attended,672-45241-7615,7011E000001FjaQ_442,419
Attended,672-42605-6615,7011E000001FjaQ_443,419
Attended,672-42492-8380,7011E000001FjaQ_444,419
Attended,672-43215-7129,7011E000001FjaQ_445,419
Attended,672-46522-9395,7011E000001FjaQ_446,419
Attended,672-45915-7037,7011E000001FjaQ_447,419
Attended,672-41722-1349,7011E000001FjaQ_448,419
Attended,672-46560-2938,7011E000001FjaQ_449,419
Attended,672-43654-6745,7011E000001FjaQ_450,419
Attended,672-45996-8467,7011E000001FjaQ_451,419
Attended,672-42843-7578,7011E000001FjaQ_452,419
Attended,672-42986-7639,7011E000001FjaQ_453,419
Attended,672-45218-3422,7011E000001FjaQ_454,419
Attended,672-46343-9440,7011E000001FjaQ_455,419
Attended,672-43184-7722,7011E000001FjaQ_456,419
Attended,672-45925-6921,7011E000001FjaQ_457,419
Attended,672-41805-1848,7011E000001FjaQ_458,419
Attended,672-41099-5480,7011E000001FjaQ_459,419
Attended,672-36051-9338,7011E000001FjaQ_460,419
Attended,672-36457-6444,7011E000001FjaQ_461,419
Attended,672-41455-8694,7011E000001FjaQ_462,419
Attended,672-46024-6238,7011E000001FjaQ_463,419
Attended,672-43288-1148,7011E000001FjaQ_464,419
Attended,672-43116-2666,7011E000001FjaQ_465,419
Attended,672-46405-4532,7011E000001FjaQ_466,419
Attended,672-43011-3461,7011E000001FjaQ_467,419
Attended,672-31525-2208,7011E000001FjaQ_468,419
Attended,672-46466-2309,7011E000001FjaQ_469,419
Attended,672-41348-3123,7011E000001FjaQ_470,419
Attended,672-43665-9148,7011E000001FjaQ_471,419
Attended,672-42822-3361,7011E000001FjaQ_472,419
Attended,672-42982-7306,7011E000001FjaQ_473,419
Attended,672-42379-7070,7011E000001FjaQ_474,419
Attended,672-41966-7554,7011E000001FjaQ_475,419
Attended,672-42702-1939,7011E000001FjaQ_476,419
Attended,672-40791-7140,7011E000001FjaQ_477,419
Attended,672-42598-5694,7011E000001FjaQ_478,419
Attended,672-44916-9516,7011E000001FjaQ_479,419
Attended,672-46528-1897,7011E000001FjaQ_480,419
Attended,672-43338-2338,7011E000001FjaQ_481,419
Attended,672-30356-9103,7011E000001FjaQ_482,419
Attended,672-46457-3246,7011E000001FjaQ_483,419
Attended,672-44463-5833,7011E000001FjaQ_484,419
Attended,672-28232-4345,7011E000001FjaQ_485,419
Attended,672-37602-3055,7011E000001FjaQ_486,419
Attended,672-36452-6010,7011E000001FjaQ_487,419
Attended,672-43109-7011,7011E000001FjaQ_488,419
Attended,672-44017-9504,7011E000001FjaQ_489,419
Attended,672-43287-1688,7011E000001FjaQ_490,419
Attended,672-46045-4708,7011E000001FjaQ_491,419
Attended,672-43327-6300,7011E000001FjaQ_492,419
Attended,672-42651-9695,7011E000001FjaQ_493,419
Attended,672-35265-5533,7011E000001FjaQ_494,419
Attended,672-42597-3148,7011E000001FjaQ_495,419
Attended,672-42599-6811,7011E000001FjaQ_496,419
Attended,672-29978-7125,7011E000001FjaQ_497,419
Attended,672-42391-5789,7011E000001FjaQ_498,419
Attended,672-40218-3113,7011E000001FjaQ_499,419
Attended,672-43467-2626,7011E000001FjaQ_500,419
Attended,672-35453-8997,7011E000001FjaQ_501,419
Attended,672-43013-4084,7011E000001FjaQ_502,419
Attended,672-44896-9814,7011E000001FjaQ_503,419
Attended,672-43163-1078,7011E000001FjaQ_504,419
Attended,672-42355-8009,7011E000001FjaQ_505,419
Attended,672-43221-3090,7011E000001FjaQ_506,419
Attended,672-43642-6368,7011E000001FjaQ_507,419
Attended,672-42477-5200,7011E000001FjaQ_508,419
Attended,672-40391-6112,7011E000001FjaQ_509,419
Attended,672-40775-5997,7011E000001FjaQ_510,419
Attended,672-36602-2714,7011E000001FjaQ_511,419
Attended,672-42977-4480,7011E000001FjaQ_512,419
Attended,672-26450-5932,7011E000001FjaQ_513,419
Attended,672-41120-8710,7011E000001FjaQ_514,419
Attended,672-45109-6038,7011E000001FjaQ_515,419
Attended,672-43143-6644,7011E000001FjaQ_516,419
Attended,672-36636-2370,7011E000001FjaQ_517,419
Attended,672-27489-6841,7011E000001FjaQ_518,419
Attended,672-43171-8128,7011E000001FjaQ_519,419
Attended,672-32311-5952,7011E000001FjaQ_520,419
Attended,672-42083-2849,7011E000001FjaQ_521,419
Attended,672-45491-2819,7011E000001FjaQ_522,419
Attended,672-41491-3944,7011E000001FjaQ_523,419
Attended,672-42847-7393,7011E000001FjaQ_524,419
Attended,672-36468-3818,7011E000001FjaQ_525,419
Attended,672-43180-5216,7011E000001FjaQ_526,419
Attended,672-45238-3890,7011E000001FjaQ_527,419
Attended,672-37611-8467,7011E000001FjaQ_528,419
Attended,672-33591-1289,7011E000001FjaQ_529,419
Attended,672-42990-7820,7011E000001FjaQ_530,419
Attended,672-43130-6608,7011E000001FjaQ_531,419
Attended,672-43791-5147,7011E000001FjaQ_532,419
Attended,672-45636-9224,7011E000001FjaQ_533,419
Attended,672-43265-4503,7011E000001FjaQ_534,419
Attended,672-35259-6639,7011E000001FjaQ_535,419
Attended,672-46444-7221,7011E000001FjaQ_536,419
Attended,672-43966-5074,7011E000001FjaQ_537,419
Attended,672-43005-5535,7011E000001FjaQ_538,419
Attended,672-44895-9984,7011E000001FjaQ_539,419
Attended,672-46598-7710,7011E000001FjaQ_540,419
Attended,672-42773-5452,7011E000001FjaQ_541,419
Attended,672-43278-8101,7011E000001FjaQ_542,419
Attended,672-41920-9964,7011E000001FjaQ_543,419
Attended,672-37522-9597,7011E000001FjaQ_544,419
Attended,672-43234-5127,7011E000001FjaQ_545,419
Attended,672-26432-4320,7011E000001FjaQ_546,419
Attended,672-45571-6422,7011E000001FjaQ_547,419
Attended,672-42624-5158,7011E000001FjaQ_548,419
Attended,672-43445-9758,7011E000001FjaQ_549,419
Attended,672-46578-1145,7011E000001FjaQ_550,419
Attended,672-30247-7626,7011E000001FjaQ_551,419
Attended,672-43108-8582,7011E000001FjaQ_552,419
Attended,672-43253-5182,7011E000001FjaQ_553,419
Attended,672-40462-9866,7011E000001FjaQ_554,419
Attended,672-28409-9014,7011E000001FjaQ_555,419
Attended,672-41949-8253,7011E000001FjaQ_556,419
Attended,672-45921-9211,7011E000001FjaQ_557,419
Attended,672-42389-8526,7011E000001FjaQ_558,419
Attended,672-37606-5110,7011E000001FjaQ_559,419
